ESP-ROM:esp32s3-20210327
Build:Mar 27 2021
rst:0x15 (USB_UART_CHIP_RESET),boot:0x38 (SPI_FAST_FLASH_BOOT)
Saved PC:0x420271be
SPIWP:0xee
mode:DIO, clock div:1
load:0x3fce3808,len:0x44c
load:0x403c9700,len:0xbd8
load:0x403cc700,len:0x2a80
entry 0x403c98d0
PR1_RUNTIME_BOOT
runtime_profile=phase1-fixed-flrc-rx
runtime_role=rx
board_family=LILYGO T3-S3-MVSRBoard
board_reference_revision=V1.1 upstream reference
radio_target=SX1280
upstream_reference_commit=840a2e788b3192c4e9bddf0640c1ecaf703c2598
hardware_verified=0
protocol_version=1
protocol_header_bytes=16
rf_enabled=1
sx1280_spi_hz=2000000
sx1280_cs=7
sx1280_rst=8
sx1280_sclk=5
sx1280_mosi=6
sx1280_miso=3
sx1280_dio1=9
sx1280_busy=36
sx1280_tx_enable=10
sx1280_rx_enable=21
PR1_FIXED_FLRC_PROFILE
frequency_mhz=2404.000
bitrate_kbps=1300
coding_rate=3
output_dbm=0
tx_gap_us=5000
packet_bytes=116
adaptive_layers=off
PR1_RUNTIME_LIVE_READY
PR1T v=1 t_us=186098248 field=device_state value=2
PR1T v=1 t_us=186098248 field=rssi_dbm value=-49
PR1T v=1 t_us=186098248 field=crc_good value=64252
PR1T v=1 t_us=186098248 field=crc_bad value=33
PR1T v=1 t_us=186098248 field=missing value=58
PR1T v=1 t_us=186098248 field=queue_depth value=0
PR1T v=1 t_us=186098248 field=max_queue_depth value=1
PR1T v=1 t_us=186098248 field=irq_to_spi_us value=6
PR1T v=1 t_us=186098248 field=spi_duration_us value=1246
PR1T v=1 t_us=186098248 field=rx_processing_us value=1248
PR1T v=1 t_us=186098248 field=spi_end_to_rearm_start_us value=137
PR1T v=1 t_us=186098248 field=rx_rearm_us value=423
PR1T v=1 t_us=186098248 field=irq_to_rx_ready_us value=1793
PR1T v=1 t_us=186098248 field=trace_overwrites value=578445
PR1T v=1 t_us=186098248 field=capability_mask value=12
PR1T v=1 t_us=186860247 field=device_state value=2
PR1T v=1 t_us=186860247 field=rssi_dbm value=-50
PR1T v=1 t_us=186860247 field=crc_good value=64515
PR1T v=1 t_us=186860247 field=crc_bad value=33
PR1T v=1 t_us=186860247 field=missing value=59
PR1T v=1 t_us=186860247 field=queue_depth value=0
PR1T v=1 t_us=186860247 field=max_queue_depth value=1
PR1T v=1 t_us=186860247 field=irq_to_spi_us value=6
PR1T v=1 t_us=186860247 field=spi_duration_us value=1246
PR1T v=1 t_us=186860247 field=rx_processing_us value=1248
PR1T v=1 t_us=186860247 field=spi_end_to_rearm_start_us value=138
PR1T v=1 t_us=186860247 field=rx_rearm_us value=421
PR1T v=1 t_us=186860247 field=irq_to_rx_ready_us value=1792
PR1T v=1 t_us=186860247 field=trace_overwrites value=580812
PR1T v=1 t_us=186860247 field=capability_mask value=12
PR1T v=1 t_us=187623697 field=device_state value=2
PR1T v=1 t_us=187623697 field=rssi_dbm value=-51
PR1T v=1 t_us=187623697 field=crc_good value=64779
PR1T v=1 t_us=187623697 field=crc_bad value=33
PR1T v=1 t_us=187623697 field=missing value=60
PR1T v=1 t_us=187623697 field=queue_depth value=0
PR1T v=1 t_us=187623697 field=max_queue_depth value=1
PR1T v=1 t_us=187623697 field=irq_to_spi_us value=12
PR1T v=1 t_us=187623697 field=spi_duration_us value=1246
PR1T v=1 t_us=187623697 field=rx_processing_us value=1248
PR1T v=1 t_us=187623697 field=spi_end_to_rearm_start_us value=137
PR1T v=1 t_us=187623697 field=rx_rearm_us value=422
PR1T v=1 t_us=187623697 field=irq_to_rx_ready_us value=1794
PR1T v=1 t_us=187623697 field=trace_overwrites value=583188
PR1T v=1 t_us=187623697 field=capability_mask value=12
PR1T v=1 t_us=188388177 field=device_state value=2
PR1T v=1 t_us=188388177 field=rssi_dbm value=-49
PR1T v=1 t_us=188388177 field=crc_good value=65042
PR1T v=1 t_us=188388177 field=crc_bad value=34
PR1T v=1 t_us=188388177 field=missing value=62
PR1T v=1 t_us=188388177 field=queue_depth value=0
PR1T v=1 t_us=188388177 field=max_queue_depth value=1
PR1T v=1 t_us=188388177 field=irq_to_spi_us value=5
PR1T v=1 t_us=188388177 field=spi_duration_us value=1246
PR1T v=1 t_us=188388177 field=rx_processing_us value=1248
PR1T v=1 t_us=188388177 field=spi_end_to_rearm_start_us value=137
PR1T v=1 t_us=188388177 field=rx_rearm_us value=421
PR1T v=1 t_us=188388177 field=irq_to_rx_ready_us value=1793
PR1T v=1 t_us=188388177 field=trace_overwrites value=585564
PR1T v=1 t_us=188388177 field=capability_mask value=12
PR1T v=1 t_us=189149714 field=device_state value=2
PR1T v=1 t_us=189149714 field=rssi_dbm value=-50
PR1T v=1 t_us=189149714 field=crc_good value=65305
PR1T v=1 t_us=189149714 field=crc_bad value=34
PR1T v=1 t_us=189149714 field=missing value=63
PR1T v=1 t_us=189149714 field=queue_depth value=0
PR1T v=1 t_us=189149714 field=max_queue_depth value=1
PR1T v=1 t_us=189149714 field=irq_to_spi_us value=6
PR1T v=1 t_us=189149714 field=spi_duration_us value=1250
PR1T v=1 t_us=189149714 field=rx_processing_us value=1252
PR1T v=1 t_us=189149714 field=spi_end_to_rearm_start_us value=138
PR1T v=1 t_us=189149714 field=rx_rearm_us value=417
PR1T v=1 t_us=189149714 field=irq_to_rx_ready_us value=1794
PR1T v=1 t_us=189149714 field=trace_overwrites value=587931
PR1T v=1 t_us=189149714 field=capability_mask value=12
PR1T v=1 t_us=189911250 field=device_state value=2
PR1T v=1 t_us=189911250 field=rssi_dbm value=-49
PR1T v=1 t_us=189911250 field=crc_good value=65568
PR1T v=1 t_us=189911250 field=crc_bad value=34
PR1T v=1 t_us=189911250 field=missing value=64
PR1T v=1 t_us=189911250 field=queue_depth value=0
PR1T v=1 t_us=189911250 field=max_queue_depth value=1
PR1T v=1 t_us=189911250 field=irq_to_spi_us value=12
PR1T v=1 t_us=189911250 field=spi_duration_us value=1245
PR1T v=1 t_us=189911250 field=rx_processing_us value=1247
PR1T v=1 t_us=189911250 field=spi_end_to_rearm_start_us value=138
PR1T v=1 t_us=189911250 field=rx_rearm_us value=421
PR1T v=1 t_us=189911250 field=irq_to_rx_ready_us value=1793
PR1T v=1 t_us=189911250 field=trace_overwrites value=590298
PR1T v=1 t_us=189911250 field=capability_mask value=12
PR1T v=1 t_us=190672798 field=device_state value=2
PR1T v=1 t_us=190672798 field=rssi_dbm value=-50
PR1T v=1 t_us=190672798 field=crc_good value=65831
PR1T v=1 t_us=190672798 field=crc_bad value=34
PR1T v=1 t_us=190672798 field=missing value=65
PR1T v=1 t_us=190672798 field=queue_depth value=0
PR1T v=1 t_us=190672798 field=max_queue_depth value=1
PR1T v=1 t_us=190672798 field=irq_to_spi_us value=10
PR1T v=1 t_us=190672798 field=spi_duration_us value=1250
PR1T v=1 t_us=190672798 field=rx_processing_us value=1251
PR1T v=1 t_us=190672798 field=spi_end_to_rearm_start_us value=137
PR1T v=1 t_us=190672798 field=rx_rearm_us value=417
PR1T v=1 t_us=190672798 field=irq_to_rx_ready_us value=1793
PR1T v=1 t_us=190672798 field=trace_overwrites value=592665
PR1T v=1 t_us=190672798 field=capability_mask value=12
PR1T v=1 t_us=191434393 field=device_state value=2
PR1T v=1 t_us=191434393 field=rssi_dbm value=-50
PR1T v=1 t_us=191434393 field=crc_good value=66094
PR1T v=1 t_us=191434393 field=crc_bad value=34
PR1T v=1 t_us=191434393 field=missing value=66
PR1T v=1 t_us=191434393 field=queue_depth value=0
PR1T v=1 t_us=191434393 field=max_queue_depth value=1
PR1T v=1 t_us=191434393 field=irq_to_spi_us value=6
PR1T v=1 t_us=191434393 field=spi_duration_us value=1247
PR1T v=1 t_us=191434393 field=rx_processing_us value=1249
PR1T v=1 t_us=191434393 field=spi_end_to_rearm_start_us value=137
PR1T v=1 t_us=191434393 field=rx_rearm_us value=422
PR1T v=1 t_us=191434393 field=irq_to_rx_ready_us value=1795
PR1T v=1 t_us=191434393 field=trace_overwrites value=595032
PR1T v=1 t_us=191434393 field=capability_mask value=12
PR1T v=1 t_us=192196381 field=device_state value=2
PR1T v=1 t_us=192196381 field=rssi_dbm value=-50
PR1T v=1 t_us=192196381 field=crc_good value=66356
PR1T v=1 t_us=192196381 field=crc_bad value=34
PR1T v=1 t_us=192196381 field=missing value=68
PR1T v=1 t_us=192196381 field=queue_depth value=0
PR1T v=1 t_us=192196381 field=max_queue_depth value=1
PR1T v=1 t_us=192196381 field=irq_to_spi_us value=6
PR1T v=1 t_us=192196381 field=spi_duration_us value=1249
PR1T v=1 t_us=192196381 field=rx_processing_us value=1250
PR1T v=1 t_us=192196381 field=spi_end_to_rearm_start_us value=137
PR1T v=1 t_us=192196381 field=rx_rearm_us value=417
PR1T v=1 t_us=192196381 field=irq_to_rx_ready_us value=1795
PR1T v=1 t_us=192196381 field=trace_overwrites value=597390
PR1T v=1 t_us=192196381 field=capability_mask value=12
PR1T v=1 t_us=192963248 field=device_state value=2
PR1T v=1 t_us=192963248 field=rssi_dbm value=-53
PR1T v=1 t_us=192963248 field=crc_good value=66621
PR1T v=1 t_us=192963248 field=crc_bad value=34
PR1T v=1 t_us=192963248 field=missing value=69
PR1T v=1 t_us=192963248 field=queue_depth value=0
PR1T v=1 t_us=192963248 field=max_queue_depth value=1
PR1T v=1 t_us=192963248 field=irq_to_spi_us value=6
PR1T v=1 t_us=192963248 field=spi_duration_us value=1246
PR1T v=1 t_us=192963248 field=rx_processing_us value=1248
PR1T v=1 t_us=192963248 field=spi_end_to_rearm_start_us value=138
PR1T v=1 t_us=192963248 field=rx_rearm_us value=420
PR1T v=1 t_us=192963248 field=irq_to_rx_ready_us value=1790
PR1T v=1 t_us=192963248 field=trace_overwrites value=599775
PR1T v=1 t_us=192963248 field=capability_mask value=12
PR1T v=1 t_us=193728471 field=device_state value=2
PR1T v=1 t_us=193728471 field=rssi_dbm value=-53
PR1T v=1 t_us=193728471 field=crc_good value=66885
PR1T v=1 t_us=193728471 field=crc_bad value=34
PR1T v=1 t_us=193728471 field=missing value=70
PR1T v=1 t_us=193728471 field=queue_depth value=0
PR1T v=1 t_us=193728471 field=max_queue_depth value=1
PR1T v=1 t_us=193728471 field=irq_to_spi_us value=6
PR1T v=1 t_us=193728471 field=spi_duration_us value=1249
PR1T v=1 t_us=193728471 field=rx_processing_us value=1251
PR1T v=1 t_us=193728471 field=spi_end_to_rearm_start_us value=137
PR1T v=1 t_us=193728471 field=rx_rearm_us value=416
PR1T v=1 t_us=193728471 field=irq_to_rx_ready_us value=1792
PR1T v=1 t_us=193728471 field=trace_overwrites value=602151
PR1T v=1 t_us=193728471 field=capability_mask value=12
PR1T v=1 t_us=194489269 field=device_state value=2
PR1T v=1 t_us=194489269 field=rssi_dbm value=-50
PR1T v=1 t_us=194489269 field=crc_good value=67147
PR1T v=1 t_us=194489269 field=crc_bad value=34
PR1T v=1 t_us=194489269 field=missing value=72
PR1T v=1 t_us=194489269 field=queue_depth value=0
PR1T v=1 t_us=194489269 field=max_queue_depth value=1
PR1T v=1 t_us=194489269 field=irq_to_spi_us value=6
PR1T v=1 t_us=194489269 field=spi_duration_us value=1246
PR1T v=1 t_us=194489269 field=rx_processing_us value=1248
PR1T v=1 t_us=194489269 field=spi_end_to_rearm_start_us value=137
PR1T v=1 t_us=194489269 field=rx_rearm_us value=421
PR1T v=1 t_us=194489269 field=irq_to_rx_ready_us value=1794
PR1T v=1 t_us=194489269 field=trace_overwrites value=604509
PR1T v=1 t_us=194489269 field=capability_mask value=12
PR1T v=1 t_us=195251462 field=device_state value=2
PR1T v=1 t_us=195251462 field=rssi_dbm value=-50
PR1T v=1 t_us=195251462 field=crc_good value=67410
PR1T v=1 t_us=195251462 field=crc_bad value=34
PR1T v=1 t_us=195251462 field=missing value=73
PR1T v=1 t_us=195251462 field=queue_depth value=0
PR1T v=1 t_us=195251462 field=max_queue_depth value=1
PR1T v=1 t_us=195251462 field=irq_to_spi_us value=13
PR1T v=1 t_us=195251462 field=spi_duration_us value=1249
PR1T v=1 t_us=195251462 field=rx_processing_us value=1251
PR1T v=1 t_us=195251462 field=spi_end_to_rearm_start_us value=137
PR1T v=1 t_us=195251462 field=rx_rearm_us value=417
PR1T v=1 t_us=195251462 field=irq_to_rx_ready_us value=1793
PR1T v=1 t_us=195251462 field=trace_overwrites value=606876
PR1T v=1 t_us=195251462 field=capability_mask value=12
PR1T v=1 t_us=196012532 field=device_state value=2
PR1T v=1 t_us=196012532 field=rssi_dbm value=-49
PR1T v=1 t_us=196012532 field=crc_good value=67673
PR1T v=1 t_us=196012532 field=crc_bad value=34
PR1T v=1 t_us=196012532 field=missing value=74
PR1T v=1 t_us=196012532 field=queue_depth value=0
PR1T v=1 t_us=196012532 field=max_queue_depth value=1
PR1T v=1 t_us=196012532 field=irq_to_spi_us value=6
PR1T v=1 t_us=196012532 field=spi_duration_us value=1246
PR1T v=1 t_us=196012532 field=rx_processing_us value=1248
PR1T v=1 t_us=196012532 field=spi_end_to_rearm_start_us value=137
PR1T v=1 t_us=196012532 field=rx_rearm_us value=421
PR1T v=1 t_us=196012532 field=irq_to_rx_ready_us value=1793
PR1T v=1 t_us=196012532 field=trace_overwrites value=609243
PR1T v=1 t_us=196012532 field=capability_mask value=12
PR1T v=1 t_us=196776855 field=device_state value=2
PR1T v=1 t_us=196776855 field=rssi_dbm value=-50
PR1T v=1 t_us=196776855 field=crc_good value=67937
PR1T v=1 t_us=196776855 field=crc_bad value=34
PR1T v=1 t_us=196776855 field=missing value=75
PR1T v=1 t_us=196776855 field=queue_depth value=0
PR1T v=1 t_us=196776855 field=max_queue_depth value=1
PR1T v=1 t_us=196776855 field=irq_to_spi_us value=6
PR1T v=1 t_us=196776855 field=spi_duration_us value=1248
PR1T v=1 t_us=196776855 field=rx_processing_us value=1250
PR1T v=1 t_us=196776855 field=spi_end_to_rearm_start_us value=137
PR1T v=1 t_us=196776855 field=rx_rearm_us value=417
PR1T v=1 t_us=196776855 field=irq_to_rx_ready_us value=1792
PR1T v=1 t_us=196776855 field=trace_overwrites value=611619
PR1T v=1 t_us=196776855 field=capability_mask value=12
PR1T v=1 t_us=197541294 field=device_state value=2
PR1T v=1 t_us=197541294 field=rssi_dbm value=-50
PR1T v=1 t_us=197541294 field=crc_good value=68201
PR1T v=1 t_us=197541294 field=crc_bad value=34
PR1T v=1 t_us=197541294 field=missing value=76
PR1T v=1 t_us=197541294 field=queue_depth value=0
PR1T v=1 t_us=197541294 field=max_queue_depth value=1
PR1T v=1 t_us=197541294 field=irq_to_spi_us value=6
PR1T v=1 t_us=197541294 field=spi_duration_us value=1245
PR1T v=1 t_us=197541294 field=rx_processing_us value=1246
PR1T v=1 t_us=197541294 field=spi_end_to_rearm_start_us value=137
PR1T v=1 t_us=197541294 field=rx_rearm_us value=421
PR1T v=1 t_us=197541294 field=irq_to_rx_ready_us value=1792
PR1T v=1 t_us=197541294 field=trace_overwrites value=613995
PR1T v=1 t_us=197541294 field=capability_mask value=12
PR1T v=1 t_us=198305749 field=device_state value=2
PR1T v=1 t_us=198305749 field=rssi_dbm value=-50
PR1T v=1 t_us=198305749 field=crc_good value=68465
PR1T v=1 t_us=198305749 field=crc_bad value=34
PR1T v=1 t_us=198305749 field=missing value=77
PR1T v=1 t_us=198305749 field=queue_depth value=0
PR1T v=1 t_us=198305749 field=max_queue_depth value=1
PR1T v=1 t_us=198305749 field=irq_to_spi_us value=6
PR1T v=1 t_us=198305749 field=spi_duration_us value=1249
PR1T v=1 t_us=198305749 field=rx_processing_us value=1251
PR1T v=1 t_us=198305749 field=spi_end_to_rearm_start_us value=136
PR1T v=1 t_us=198305749 field=rx_rearm_us value=417
PR1T v=1 t_us=198305749 field=irq_to_rx_ready_us value=1792
PR1T v=1 t_us=198305749 field=trace_overwrites value=616371
PR1T v=1 t_us=198305749 field=capability_mask value=12
PR1T v=1 t_us=199067283 field=device_state value=2
PR1T v=1 t_us=199067283 field=rssi_dbm value=-53
PR1T v=1 t_us=199067283 field=crc_good value=68728
PR1T v=1 t_us=199067283 field=crc_bad value=34
PR1T v=1 t_us=199067283 field=missing value=78
PR1T v=1 t_us=199067283 field=queue_depth value=0
PR1T v=1 t_us=199067283 field=max_queue_depth value=1
PR1T v=1 t_us=199067283 field=irq_to_spi_us value=10
PR1T v=1 t_us=199067283 field=spi_duration_us value=1245
PR1T v=1 t_us=199067283 field=rx_processing_us value=1247
PR1T v=1 t_us=199067283 field=spi_end_to_rearm_start_us value=136
PR1T v=1 t_us=199067283 field=rx_rearm_us value=421
PR1T v=1 t_us=199067283 field=irq_to_rx_ready_us value=1794
PR1T v=1 t_us=199067283 field=trace_overwrites value=618738
PR1T v=1 t_us=199067283 field=capability_mask value=12
PR1T v=1 t_us=199828819 field=device_state value=2
PR1T v=1 t_us=199828819 field=rssi_dbm value=-49
PR1T v=1 t_us=199828819 field=crc_good value=68991
PR1T v=1 t_us=199828819 field=crc_bad value=34
PR1T v=1 t_us=199828819 field=missing value=79
PR1T v=1 t_us=199828819 field=queue_depth value=0
PR1T v=1 t_us=199828819 field=max_queue_depth value=1
PR1T v=1 t_us=199828819 field=irq_to_spi_us value=11
PR1T v=1 t_us=199828819 field=spi_duration_us value=1250
PR1T v=1 t_us=199828819 field=rx_processing_us value=1252
PR1T v=1 t_us=199828819 field=spi_end_to_rearm_start_us value=137
PR1T v=1 t_us=199828819 field=rx_rearm_us value=417
PR1T v=1 t_us=199828819 field=irq_to_rx_ready_us value=1792
PR1T v=1 t_us=199828819 field=trace_overwrites value=621105
PR1T v=1 t_us=199828819 field=capability_mask value=12
PR1T v=1 t_us=200590423 field=device_state value=2
PR1T v=1 t_us=200590423 field=rssi_dbm value=-50
PR1T v=1 t_us=200590423 field=crc_good value=69254
PR1T v=1 t_us=200590423 field=crc_bad value=34
PR1T v=1 t_us=200590423 field=missing value=80
PR1T v=1 t_us=200590423 field=queue_depth value=0
PR1T v=1 t_us=200590423 field=max_queue_depth value=1
PR1T v=1 t_us=200590423 field=irq_to_spi_us value=6
PR1T v=1 t_us=200590423 field=spi_duration_us value=1245
PR1T v=1 t_us=200590423 field=rx_processing_us value=1247
PR1T v=1 t_us=200590423 field=spi_end_to_rearm_start_us value=137
PR1T v=1 t_us=200590423 field=rx_rearm_us value=424
PR1T v=1 t_us=200590423 field=irq_to_rx_ready_us value=1795
PR1T v=1 t_us=200590423 field=trace_overwrites value=623472
PR1T v=1 t_us=200590423 field=capability_mask value=12
PR1T v=1 t_us=201352208 field=device_state value=2
PR1T v=1 t_us=201352208 field=rssi_dbm value=-49
PR1T v=1 t_us=201352208 field=crc_good value=69517
PR1T v=1 t_us=201352208 field=crc_bad value=34
PR1T v=1 t_us=201352208 field=missing value=81
PR1T v=1 t_us=201352208 field=queue_depth value=0
PR1T v=1 t_us=201352208 field=max_queue_depth value=1
PR1T v=1 t_us=201352208 field=irq_to_spi_us value=6
PR1T v=1 t_us=201352208 field=spi_duration_us value=1249
PR1T v=1 t_us=201352208 field=rx_processing_us value=1251
PR1T v=1 t_us=201352208 field=spi_end_to_rearm_start_us value=137
PR1T v=1 t_us=201352208 field=rx_rearm_us value=418
PR1T v=1 t_us=201352208 field=irq_to_rx_ready_us value=1793
PR1T v=1 t_us=201352208 field=trace_overwrites value=625839
PR1T v=1 t_us=201352208 field=capability_mask value=12
PR1T v=1 t_us=202114236 field=device_state value=2
PR1T v=1 t_us=202114236 field=rssi_dbm value=-50
PR1T v=1 t_us=202114236 field=crc_good value=69780
PR1T v=1 t_us=202114236 field=crc_bad value=34
PR1T v=1 t_us=202114236 field=missing value=82
PR1T v=1 t_us=202114236 field=queue_depth value=0
PR1T v=1 t_us=202114236 field=max_queue_depth value=1
PR1T v=1 t_us=202114236 field=irq_to_spi_us value=12
PR1T v=1 t_us=202114236 field=spi_duration_us value=1246
PR1T v=1 t_us=202114236 field=rx_processing_us value=1248
PR1T v=1 t_us=202114236 field=spi_end_to_rearm_start_us value=137
PR1T v=1 t_us=202114236 field=rx_rearm_us value=421
PR1T v=1 t_us=202114236 field=irq_to_rx_ready_us value=1794
PR1T v=1 t_us=202114236 field=trace_overwrites value=628206
PR1T v=1 t_us=202114236 field=capability_mask value=12
PR1T v=1 t_us=202877976 field=device_state value=2
PR1T v=1 t_us=202877976 field=rssi_dbm value=-50
PR1T v=1 t_us=202877976 field=crc_good value=70043
PR1T v=1 t_us=202877976 field=crc_bad value=34
PR1T v=1 t_us=202877976 field=missing value=84
PR1T v=1 t_us=202877976 field=queue_depth value=0
PR1T v=1 t_us=202877976 field=max_queue_depth value=1
PR1T v=1 t_us=202877976 field=irq_to_spi_us value=8
PR1T v=1 t_us=202877976 field=spi_duration_us value=1246
PR1T v=1 t_us=202877976 field=rx_processing_us value=1247
PR1T v=1 t_us=202877976 field=spi_end_to_rearm_start_us value=136
PR1T v=1 t_us=202877976 field=rx_rearm_us value=420
PR1T v=1 t_us=202877976 field=irq_to_rx_ready_us value=1794
PR1T v=1 t_us=202877976 field=trace_overwrites value=630573
PR1T v=1 t_us=202877976 field=capability_mask value=12
PR1T v=1 t_us=203637692 field=device_state value=2
PR1T v=1 t_us=203637692 field=rssi_dbm value=-50
PR1T v=1 t_us=203637692 field=crc_good value=70305
PR1T v=1 t_us=203637692 field=crc_bad value=34
PR1T v=1 t_us=203637692 field=missing value=85
PR1T v=1 t_us=203637692 field=queue_depth value=0
PR1T v=1 t_us=203637692 field=max_queue_depth value=1
PR1T v=1 t_us=203637692 field=irq_to_spi_us value=6
PR1T v=1 t_us=203637692 field=spi_duration_us value=1246
PR1T v=1 t_us=203637692 field=rx_processing_us value=1247
PR1T v=1 t_us=203637692 field=spi_end_to_rearm_start_us value=137
PR1T v=1 t_us=203637692 field=rx_rearm_us value=422
PR1T v=1 t_us=203637692 field=irq_to_rx_ready_us value=1792
PR1T v=1 t_us=203637692 field=trace_overwrites value=632931
PR1T v=1 t_us=203637692 field=capability_mask value=12
PR1T v=1 t_us=204398289 field=device_state value=2
PR1T v=1 t_us=204398289 field=rssi_dbm value=-50
PR1T v=1 t_us=204398289 field=crc_good value=70568
PR1T v=1 t_us=204398289 field=crc_bad value=34
PR1T v=1 t_us=204398289 field=missing value=86
PR1T v=1 t_us=204398289 field=queue_depth value=0
PR1T v=1 t_us=204398289 field=max_queue_depth value=1
PR1T v=1 t_us=204398289 field=irq_to_spi_us value=6
PR1T v=1 t_us=204398289 field=spi_duration_us value=1247
PR1T v=1 t_us=204398289 field=rx_processing_us value=1248
PR1T v=1 t_us=204398289 field=spi_end_to_rearm_start_us value=137
PR1T v=1 t_us=204398289 field=rx_rearm_us value=421
PR1T v=1 t_us=204398289 field=irq_to_rx_ready_us value=1794
PR1T v=1 t_us=204398289 field=trace_overwrites value=635298
PR1T v=1 t_us=204398289 field=capability_mask value=12
PR1T v=1 t_us=205159721 field=device_state value=2
PR1T v=1 t_us=205159721 field=rssi_dbm value=-53
PR1T v=1 t_us=205159721 field=crc_good value=70831
PR1T v=1 t_us=205159721 field=crc_bad value=34
PR1T v=1 t_us=205159721 field=missing value=87
PR1T v=1 t_us=205159721 field=queue_depth value=0
PR1T v=1 t_us=205159721 field=max_queue_depth value=1
PR1T v=1 t_us=205159721 field=irq_to_spi_us value=6
PR1T v=1 t_us=205159721 field=spi_duration_us value=1251
PR1T v=1 t_us=205159721 field=rx_processing_us value=1253
PR1T v=1 t_us=205159721 field=spi_end_to_rearm_start_us value=138
PR1T v=1 t_us=205159721 field=rx_rearm_us value=417
PR1T v=1 t_us=205159721 field=irq_to_rx_ready_us value=1796
PR1T v=1 t_us=205159721 field=trace_overwrites value=637665
PR1T v=1 t_us=205159721 field=capability_mask value=12
PR1T v=1 t_us=205921842 field=device_state value=2
PR1T v=1 t_us=205921842 field=rssi_dbm value=-50
PR1T v=1 t_us=205921842 field=crc_good value=71094
PR1T v=1 t_us=205921842 field=crc_bad value=34
PR1T v=1 t_us=205921842 field=missing value=88
PR1T v=1 t_us=205921842 field=queue_depth value=0
PR1T v=1 t_us=205921842 field=max_queue_depth value=1
PR1T v=1 t_us=205921842 field=irq_to_spi_us value=12
PR1T v=1 t_us=205921842 field=spi_duration_us value=1245
PR1T v=1 t_us=205921842 field=rx_processing_us value=1247
PR1T v=1 t_us=205921842 field=spi_end_to_rearm_start_us value=137
PR1T v=1 t_us=205921842 field=rx_rearm_us value=422
PR1T v=1 t_us=205921842 field=irq_to_rx_ready_us value=1793
PR1T v=1 t_us=205921842 field=trace_overwrites value=640032
PR1T v=1 t_us=205921842 field=capability_mask value=12
PR1T v=1 t_us=206685709 field=device_state value=2
PR1T v=1 t_us=206685709 field=rssi_dbm value=-50
PR1T v=1 t_us=206685709 field=crc_good value=71358
PR1T v=1 t_us=206685709 field=crc_bad value=34
PR1T v=1 t_us=206685709 field=missing value=89
PR1T v=1 t_us=206685709 field=queue_depth value=0
PR1T v=1 t_us=206685709 field=max_queue_depth value=1
PR1T v=1 t_us=206685709 field=irq_to_spi_us value=8
PR1T v=1 t_us=206685709 field=spi_duration_us value=1245
PR1T v=1 t_us=206685709 field=rx_processing_us value=1246
PR1T v=1 t_us=206685709 field=spi_end_to_rearm_start_us value=137
PR1T v=1 t_us=206685709 field=rx_rearm_us value=420
PR1T v=1 t_us=206685709 field=irq_to_rx_ready_us value=1790
PR1T v=1 t_us=206685709 field=trace_overwrites value=642408
PR1T v=1 t_us=206685709 field=capability_mask value=12
PR1T v=1 t_us=207450142 field=device_state value=2
PR1T v=1 t_us=207450142 field=rssi_dbm value=-53
PR1T v=1 t_us=207450142 field=crc_good value=71621
PR1T v=1 t_us=207450142 field=crc_bad value=35
PR1T v=1 t_us=207450142 field=missing value=91
PR1T v=1 t_us=207450142 field=queue_depth value=0
PR1T v=1 t_us=207450142 field=max_queue_depth value=1
PR1T v=1 t_us=207450142 field=irq_to_spi_us value=11
PR1T v=1 t_us=207450142 field=spi_duration_us value=1247
PR1T v=1 t_us=207450142 field=rx_processing_us value=1249
PR1T v=1 t_us=207450142 field=spi_end_to_rearm_start_us value=137
PR1T v=1 t_us=207450142 field=rx_rearm_us value=421
PR1T v=1 t_us=207450142 field=irq_to_rx_ready_us value=1794
PR1T v=1 t_us=207450142 field=trace_overwrites value=644784
PR1T v=1 t_us=207450142 field=capability_mask value=12
PR1T v=1 t_us=208209903 field=device_state value=2
PR1T v=1 t_us=208209903 field=rssi_dbm value=-50
PR1T v=1 t_us=208209903 field=crc_good value=71883
PR1T v=1 t_us=208209903 field=crc_bad value=35
PR1T v=1 t_us=208209903 field=missing value=92
PR1T v=1 t_us=208209903 field=queue_depth value=0
PR1T v=1 t_us=208209903 field=max_queue_depth value=1
PR1T v=1 t_us=208209903 field=irq_to_spi_us value=6
PR1T v=1 t_us=208209903 field=spi_duration_us value=1249
PR1T v=1 t_us=208209903 field=rx_processing_us value=1251
PR1T v=1 t_us=208209903 field=spi_end_to_rearm_start_us value=137
PR1T v=1 t_us=208209903 field=rx_rearm_us value=417
PR1T v=1 t_us=208209903 field=irq_to_rx_ready_us value=1793
PR1T v=1 t_us=208209903 field=trace_overwrites value=647142
PR1T v=1 t_us=208209903 field=capability_mask value=12
PR1T v=1 t_us=208970413 field=device_state value=2
PR1T v=1 t_us=208970413 field=rssi_dbm value=-53
PR1T v=1 t_us=208970413 field=crc_good value=72146
PR1T v=1 t_us=208970413 field=crc_bad value=35
PR1T v=1 t_us=208970413 field=missing value=93
PR1T v=1 t_us=208970413 field=queue_depth value=0
PR1T v=1 t_us=208970413 field=max_queue_depth value=1
PR1T v=1 t_us=208970413 field=irq_to_spi_us value=6
PR1T v=1 t_us=208970413 field=spi_duration_us value=1247
PR1T v=1 t_us=208970413 field=rx_processing_us value=1248
PR1T v=1 t_us=208970413 field=spi_end_to_rearm_start_us value=137
PR1T v=1 t_us=208970413 field=rx_rearm_us value=422
PR1T v=1 t_us=208970413 field=irq_to_rx_ready_us value=1794
PR1T v=1 t_us=208970413 field=trace_overwrites value=649509
PR1T v=1 t_us=208970413 field=capability_mask value=12
PR1T v=1 t_us=209731888 field=device_state value=2
PR1T v=1 t_us=209731888 field=rssi_dbm value=-50
PR1T v=1 t_us=209731888 field=crc_good value=72409
PR1T v=1 t_us=209731888 field=crc_bad value=35
PR1T v=1 t_us=209731888 field=missing value=94
PR1T v=1 t_us=209731888 field=queue_depth value=0
PR1T v=1 t_us=209731888 field=max_queue_depth value=1
PR1T v=1 t_us=209731888 field=irq_to_spi_us value=10
PR1T v=1 t_us=209731888 field=spi_duration_us value=1248
PR1T v=1 t_us=209731888 field=rx_processing_us value=1249
PR1T v=1 t_us=209731888 field=spi_end_to_rearm_start_us value=137
PR1T v=1 t_us=209731888 field=rx_rearm_us value=416
PR1T v=1 t_us=209731888 field=irq_to_rx_ready_us value=1792
PR1T v=1 t_us=209731888 field=trace_overwrites value=651876
PR1T v=1 t_us=209731888 field=capability_mask value=12
PR1T v=1 t_us=210496309 field=device_state value=2
PR1T v=1 t_us=210496309 field=rssi_dbm value=-50
PR1T v=1 t_us=210496309 field=crc_good value=72673
PR1T v=1 t_us=210496309 field=crc_bad value=35
PR1T v=1 t_us=210496309 field=missing value=95
PR1T v=1 t_us=210496309 field=queue_depth value=0
PR1T v=1 t_us=210496309 field=max_queue_depth value=1
PR1T v=1 t_us=210496309 field=irq_to_spi_us value=11
PR1T v=1 t_us=210496309 field=spi_duration_us value=1246
PR1T v=1 t_us=210496309 field=rx_processing_us value=1248
PR1T v=1 t_us=210496309 field=spi_end_to_rearm_start_us value=137
PR1T v=1 t_us=210496309 field=rx_rearm_us value=422
PR1T v=1 t_us=210496309 field=irq_to_rx_ready_us value=1794
PR1T v=1 t_us=210496309 field=trace_overwrites value=654252
PR1T v=1 t_us=210496309 field=capability_mask value=12
PR1T v=1 t_us=211257993 field=device_state value=2
PR1T v=1 t_us=211257993 field=rssi_dbm value=-50
PR1T v=1 t_us=211257993 field=crc_good value=72936
PR1T v=1 t_us=211257993 field=crc_bad value=35
PR1T v=1 t_us=211257993 field=missing value=96
PR1T v=1 t_us=211257993 field=queue_depth value=0
PR1T v=1 t_us=211257993 field=max_queue_depth value=1
PR1T v=1 t_us=211257993 field=irq_to_spi_us value=6
PR1T v=1 t_us=211257993 field=spi_duration_us value=1249
PR1T v=1 t_us=211257993 field=rx_processing_us value=1250
PR1T v=1 t_us=211257993 field=spi_end_to_rearm_start_us value=137
PR1T v=1 t_us=211257993 field=rx_rearm_us value=417
PR1T v=1 t_us=211257993 field=irq_to_rx_ready_us value=1794
PR1T v=1 t_us=211257993 field=trace_overwrites value=656619
PR1T v=1 t_us=211257993 field=capability_mask value=12
PR1T v=1 t_us=212019911 field=device_state value=2
PR1T v=1 t_us=212019911 field=rssi_dbm value=-53
PR1T v=1 t_us=212019911 field=crc_good value=73199
PR1T v=1 t_us=212019911 field=crc_bad value=35
PR1T v=1 t_us=212019911 field=missing value=97
PR1T v=1 t_us=212019911 field=queue_depth value=0
PR1T v=1 t_us=212019911 field=max_queue_depth value=1
PR1T v=1 t_us=212019911 field=irq_to_spi_us value=6
PR1T v=1 t_us=212019911 field=spi_duration_us value=1246
PR1T v=1 t_us=212019911 field=rx_processing_us value=1248
PR1T v=1 t_us=212019911 field=spi_end_to_rearm_start_us value=137
PR1T v=1 t_us=212019911 field=rx_rearm_us value=422
PR1T v=1 t_us=212019911 field=irq_to_rx_ready_us value=1792
PR1T v=1 t_us=212019911 field=trace_overwrites value=658986
PR1T v=1 t_us=212019911 field=capability_mask value=12
PR1T v=1 t_us=212780959 field=device_state value=2
PR1T v=1 t_us=212780959 field=rssi_dbm value=-50
PR1T v=1 t_us=212780959 field=crc_good value=73461
PR1T v=1 t_us=212780959 field=crc_bad value=35
PR1T v=1 t_us=212780959 field=missing value=99
PR1T v=1 t_us=212780959 field=queue_depth value=0
PR1T v=1 t_us=212780959 field=max_queue_depth value=1
PR1T v=1 t_us=212780959 field=irq_to_spi_us value=13
PR1T v=1 t_us=212780959 field=spi_duration_us value=1247
PR1T v=1 t_us=212780959 field=rx_processing_us value=1248
PR1T v=1 t_us=212780959 field=spi_end_to_rearm_start_us value=137
PR1T v=1 t_us=212780959 field=rx_rearm_us value=421
PR1T v=1 t_us=212780959 field=irq_to_rx_ready_us value=1794
PR1T v=1 t_us=212780959 field=trace_overwrites value=661344
PR1T v=1 t_us=212780959 field=capability_mask value=12
PR1T v=1 t_us=213542503 field=device_state value=2
PR1T v=1 t_us=213542503 field=rssi_dbm value=-50
PR1T v=1 t_us=213542503 field=crc_good value=73724
PR1T v=1 t_us=213542503 field=crc_bad value=35
PR1T v=1 t_us=213542503 field=missing value=100
PR1T v=1 t_us=213542503 field=queue_depth value=0
PR1T v=1 t_us=213542503 field=max_queue_depth value=1
PR1T v=1 t_us=213542503 field=irq_to_spi_us value=11
PR1T v=1 t_us=213542503 field=spi_duration_us value=1246
PR1T v=1 t_us=213542503 field=rx_processing_us value=1248
PR1T v=1 t_us=213542503 field=spi_end_to_rearm_start_us value=137
PR1T v=1 t_us=213542503 field=rx_rearm_us value=421
PR1T v=1 t_us=213542503 field=irq_to_rx_ready_us value=1793
PR1T v=1 t_us=213542503 field=trace_overwrites value=663711
PR1T v=1 t_us=213542503 field=capability_mask value=12
PR1T v=1 t_us=214304034 field=device_state value=2
PR1T v=1 t_us=214304034 field=rssi_dbm value=-53
PR1T v=1 t_us=214304034 field=crc_good value=73987
PR1T v=1 t_us=214304034 field=crc_bad value=35
PR1T v=1 t_us=214304034 field=missing value=101
PR1T v=1 t_us=214304034 field=queue_depth value=0
PR1T v=1 t_us=214304034 field=max_queue_depth value=1
PR1T v=1 t_us=214304034 field=irq_to_spi_us value=6
PR1T v=1 t_us=214304034 field=spi_duration_us value=1249
PR1T v=1 t_us=214304034 field=rx_processing_us value=1251
PR1T v=1 t_us=214304034 field=spi_end_to_rearm_start_us value=136
PR1T v=1 t_us=214304034 field=rx_rearm_us value=416
PR1T v=1 t_us=214304034 field=irq_to_rx_ready_us value=1791
PR1T v=1 t_us=214304034 field=trace_overwrites value=666078
PR1T v=1 t_us=214304034 field=capability_mask value=12
PR1T v=1 t_us=215068509 field=device_state value=2
PR1T v=1 t_us=215068509 field=rssi_dbm value=-50
PR1T v=1 t_us=215068509 field=crc_good value=74251
PR1T v=1 t_us=215068509 field=crc_bad value=35
PR1T v=1 t_us=215068509 field=missing value=102
PR1T v=1 t_us=215068509 field=queue_depth value=0
PR1T v=1 t_us=215068509 field=max_queue_depth value=1
PR1T v=1 t_us=215068509 field=irq_to_spi_us value=8
PR1T v=1 t_us=215068509 field=spi_duration_us value=1246
PR1T v=1 t_us=215068509 field=rx_processing_us value=1248
PR1T v=1 t_us=215068509 field=spi_end_to_rearm_start_us value=137
PR1T v=1 t_us=215068509 field=rx_rearm_us value=421
PR1T v=1 t_us=215068509 field=irq_to_rx_ready_us value=1792
PR1T v=1 t_us=215068509 field=trace_overwrites value=668454
PR1T v=1 t_us=215068509 field=capability_mask value=12
PR1_HOST_TRUNCATED_LINE PR1T v=1 t_us=215830185 field=device_state
PR1_HOST_SERIAL_REOPEN reason=telemetry snapshot truncated mid-line
PR1T v=1 t_us=217410903 field=device_state value=2
PR1T v=1 t_us=217410903 field=rssi_dbm value=-53
PR1T v=1 t_us=217410903 field=crc_good value=75061
PR1T v=1 t_us=217410903 field=crc_bad value=35
PR1T v=1 t_us=217410903 field=missing value=104
PR1T v=1 t_us=217410903 field=queue_depth value=0
PR1T v=1 t_us=217410903 field=max_queue_depth value=1
PR1T v=1 t_us=217410903 field=irq_to_spi_us value=11
PR1T v=1 t_us=217410903 field=spi_duration_us value=1245
PR1T v=1 t_us=217410903 field=rx_processing_us value=1246
PR1T v=1 t_us=217410903 field=spi_end_to_rearm_start_us value=137
PR1T v=1 t_us=217410903 field=rx_rearm_us value=421
PR1T v=1 t_us=217410903 field=irq_to_rx_ready_us value=1797
PR1T v=1 t_us=217410903 field=trace_overwrites value=675744
PR1T v=1 t_us=217410903 field=capability_mask value=12
PR1T v=1 t_us=218172442 field=device_state value=2
PR1T v=1 t_us=218172442 field=rssi_dbm value=-50
PR1T v=1 t_us=218172442 field=crc_good value=75324
PR1T v=1 t_us=218172442 field=crc_bad value=35
PR1T v=1 t_us=218172442 field=missing value=105
PR1T v=1 t_us=218172442 field=queue_depth value=0
PR1T v=1 t_us=218172442 field=max_queue_depth value=1
PR1T v=1 t_us=218172442 field=irq_to_spi_us value=6
PR1T v=1 t_us=218172442 field=spi_duration_us value=1245
PR1T v=1 t_us=218172442 field=rx_processing_us value=1247
PR1T v=1 t_us=218172442 field=spi_end_to_rearm_start_us value=138
PR1T v=1 t_us=218172442 field=rx_rearm_us value=420
PR1T v=1 t_us=218172442 field=irq_to_rx_ready_us value=1792
PR1T v=1 t_us=218172442 field=trace_overwrites value=678111
PR1T v=1 t_us=218172442 field=capability_mask value=12
PR1T v=1 t_us=218933991 field=device_state value=2
PR1T v=1 t_us=218933991 field=rssi_dbm value=-50
PR1T v=1 t_us=218933991 field=crc_good value=75587
PR1_HOST_TRUNCATED_LINE PR1T v=1 t_us=218933
PR1_HOST_SERIAL_REOPEN reason=telemetry snapshot truncated mid-line
PR1T v=1 t_us=220526327 field=device_state value=2
PR1T v=1 t_us=220526327 field=rssi_dbm value=-53
PR1T v=1 t_us=220526327 field=crc_good value=76138
PR1T v=1 t_us=220526327 field=crc_bad value=35
PR1T v=1 t_us=220526327 field=missing value=107
PR1T v=1 t_us=220526327 field=queue_depth value=0
PR1T v=1 t_us=220526327 field=max_queue_depth value=1
PR1T v=1 t_us=220526327 field=irq_to_spi_us value=6
PR1T v=1 t_us=220526327 field=spi_duration_us value=1245
PR1T v=1 t_us=220526327 field=rx_processing_us value=1246
PR1T v=1 t_us=220526327 field=spi_end_to_rearm_start_us value=136
PR1T v=1 t_us=220526327 field=rx_rearm_us value=421
PR1T v=1 t_us=220526327 field=irq_to_rx_ready_us value=1793
PR1T v=1 t_us=220526327 field=trace_overwrites value=685437
PR1T v=1 t_us=220526327 field=capability_mask value=12
PR1T v=1 t_us=221290787 field=device_state value=2
PR1T v=1 t_us=221290787 field=rssi_dbm value=-50
PR1T v=1 t_us=221290787 field=crc_good value=76402
PR1T v=1 t_us=221290787 field=crc_bad value=35
PR1T v=1 t_us=221290787 field=missing value=108
PR1T v=1 t_us=221290787 field=queue_depth value=0
PR1T v=1 t_us=221290787 field=max_queue_depth value=1
PR1T v=1 t_us=221290787 field=irq_to_spi_us value=11
PR1T v=1 t_us=221290787 field=spi_duration_us value=1249
PR1T v=1 t_us=221290787 field=rx_processing_us value=1251
PR1T v=1 t_us=221290787 field=spi_end_to_rearm_start_us value=137
PR1T v=1 t_us=221290787 field=rx_rearm_us value=417
PR1T v=1 t_us=221290787 field=irq_to_rx_ready_us value=1794
PR1T v=1 t_us=221290787 field=trace_overwrites value=687813
PR1T v=1 t_us=221290787 field=capability_mask value=12
PR1T v=1 t_us=222055193 field=device_state value=2
PR1T v=1 t_us=222055193 field=rssi_dbm value=-53
PR1T v=1 t_us=222055193 field=crc_good value=76666
PR1T v=1 t_us=222055193 field=crc_bad value=35
PR1T v=1 t_us=222055193 field=missing value=109
PR1T v=1 t_us=222055193 field=queue_depth value=0
PR1T v=1 t_us=222055193 field=max_queue_depth value=1
PR1T v=1 t_us=222055193 field=irq_to_spi_us value=5
PR1T v=1 t_us=222055193 field=spi_duration_us value=1246
PR1T v=1 t_us=222055193 field=rx_processing_us value=1248
PR1T v=1 t_us=222055193 field=spi_end_to_rearm_start_us value=137
PR1T v=1 t_us=222055193 field=rx_rearm_us value=421
PR1T v=1 t_us=222055193 field=irq_to_rx_ready_us value=1793
PR1T v=1 t_us=222055193 field=trace_overwrites value=690189
PR1T v=1 t_us=222055193 field=capability_mask value=12
PR1T v=1 t_us=222820389 field=device_state value=2
PR1T v=1 t_us=222820389 field=rssi_dbm value=-50
PR1T v=1 t_us=222820389 field=crc_good value=76930
PR1T v=1 t_us=222820389 field=crc_bad value=35
PR1T v=1 t_us=222820389 field=missing value=110
PR1T v=1 t_us=222820389 field=queue_depth value=0
PR1T v=1 t_us=222820389 field=max_queue_depth value=1
PR1T v=1 t_us=222820389 field=irq_to_spi_us value=6
PR1T v=1 t_us=222820389 field=spi_duration_us value=1249
PR1T v=1 t_us=222820389 field=rx_processing_us value=1251
PR1T v=1 t_us=222820389 field=spi_end_to_rearm_start_us value=137
PR1T v=1 t_us=222820389 field=rx_rearm_us value=417
PR1T v=1 t_us=222820389 field=irq_to_rx_ready_us value=1793
PR1T v=1 t_us=222820389 field=trace_overwrites value=692565
PR1T v=1 t_us=222820389 field=capability_mask value=12
PR1T v=1 t_us=223584241 field=device_state value=2
PR1T v=1 t_us=223584241 field=rssi_dbm value=-53
PR1T v=1 t_us=223584241 field=crc_good value=77193
PR1T v=1 t_us=223584241 field=crc_bad value=35
PR1T v=1 t_us=223584241 field=missing value=112
PR1T v=1 t_us=223584241 field=queue_depth value=0
PR1T v=1 t_us=223584241 field=max_queue_depth value=1
PR1T v=1 t_us=223584241 field=irq_to_spi_us value=11
PR1T v=1 t_us=223584241 field=spi_duration_us value=1246
PR1T v=1 t_us=223584241 field=rx_processing_us value=1248
PR1T v=1 t_us=223584241 field=spi_end_to_rearm_start_us value=136
PR1T v=1 t_us=223584241 field=rx_rearm_us value=420
PR1T v=1 t_us=223584241 field=irq_to_rx_ready_us value=1794
PR1T v=1 t_us=223584241 field=trace_overwrites value=694932
PR1T v=1 t_us=223584241 field=capability_mask value=12
PR1T v=1 t_us=224346341 field=device_state value=2
PR1T v=1 t_us=224346341 field=rssi_dbm value=-51
PR1T v=1 t_us=224346341 field=crc_good value=77456
PR1T v=1 t_us=224346341 field=crc_bad value=35
PR1T v=1 t_us=224346341 field=missing value=113
PR1T v=1 t_us=224346341 field=queue_depth value=0
PR1T v=1 t_us=224346341 field=max_queue_depth value=1
PR1T v=1 t_us=224346341 field=irq_to_spi_us value=11
PR1T v=1 t_us=224346341 field=spi_duration_us value=1250
PR1T v=1 t_us=224346341 field=rx_processing_us value=1251
PR1T v=1 t_us=224346341 field=spi_end_to_rearm_start_us value=136
PR1T v=1 t_us=224346341 field=rx_rearm_us value=417
PR1T v=1 t_us=224346341 field=irq_to_rx_ready_us value=1793
PR1T v=1 t_us=224346341 field=trace_overwrites value=697299
PR1T v=1 t_us=224346341 field=capability_mask value=12
PR1T v=1 t_us=225107283 field=device_state value=2
PR1T v=1 t_us=225107283 field=rssi_dbm value=-53
PR1T v=1 t_us=225107283 field=crc_good value=77718
PR1T v=1 t_us=225107283 field=crc_bad value=35
PR1T v=1 t_us=225107283 field=missing value=115
PR1T v=1 t_us=225107283 field=queue_depth value=0
PR1T v=1 t_us=225107283 field=max_queue_depth value=1
PR1T v=1 t_us=225107283 field=irq_to_spi_us value=6
PR1T v=1 t_us=225107283 field=spi_duration_us value=1244
PR1T v=1 t_us=225107283 field=rx_processing_us value=1246
PR1T v=1 t_us=225107283 field=spi_end_to_rearm_start_us value=137
PR1T v=1 t_us=225107283 field=rx_rearm_us value=421
PR1T v=1 t_us=225107283 field=irq_to_rx_ready_us value=1792
PR1T v=1 t_us=225107283 field=trace_overwrites value=699657
PR1T v=1 t_us=225107283 field=capability_mask value=12
PR1T v=1 t_us=225871581 field=device_state value=2
PR1T v=1 t_us=225871581 field=rssi_dbm value=-49
PR1T v=1 t_us=225871581 field=crc_good value=77982
PR1T v=1 t_us=225871581 field=crc_bad value=35
PR1T v=1 t_us=225871581 field=missing value=116
PR1T v=1 t_us=225871581 field=queue_depth value=0
PR1T v=1 t_us=225871581 field=max_queue_depth value=1
PR1T v=1 t_us=225871581 field=irq_to_spi_us value=6
PR1T v=1 t_us=225871581 field=spi_duration_us value=1251
PR1T v=1 t_us=225871581 field=rx_processing_us value=1252
PR1T v=1 t_us=225871581 field=spi_end_to_rearm_start_us value=138
PR1T v=1 t_us=225871581 field=rx_rearm_us value=417
PR1T v=1 t_us=225871581 field=irq_to_rx_ready_us value=1795
PR1T v=1 t_us=225871581 field=trace_overwrites value=702033
PR1T v=1 t_us=225871581 field=capability_mask value=12
PR1T v=1 t_us=226633313 field=device_state value=2
PR1T v=1 t_us=226633313 field=rssi_dbm value=-50
PR1T v=1 t_us=226633313 field=crc_good value=78245
PR1T v=1 t_us=226633313 field=crc_bad value=35
PR1T v=1 t_us=226633313 field=missing value=117
PR1T v=1 t_us=226633313 field=queue_depth value=0
PR1T v=1 t_us=226633313 field=max_queue_depth value=1
PR1T v=1 t_us=226633313 field=irq_to_spi_us value=6
PR1T v=1 t_us=226633313 field=spi_duration_us value=1249
PR1T v=1 t_us=226633313 field=rx_processing_us value=1251
PR1T v=1 t_us=226633313 field=spi_end_to_rearm_start_us value=138
PR1T v=1 t_us=226633313 field=rx_rearm_us value=417
PR1T v=1 t_us=226633313 field=irq_to_rx_ready_us value=1794
PR1T v=1 t_us=226633313 field=trace_overwrites value=704400
PR1T v=1 t_us=226633313 field=capability_mask value=12
PR1T v=1 t_us=227397575 field=device_state value=2
PR1T v=1 t_us=227397575 field=rssi_dbm value=-50
PR1T v=1 t_us=227397575 field=crc_good value=78509
PR1T v=1 t_us=227397575 field=crc_bad value=35
PR1T v=1 t_us=227397575 field=missing value=118
PR1T v=1 t_us=227397575 field=queue_depth value=0
PR1T v=1 t_us=227397575 field=max_queue_depth value=1
PR1T v=1 t_us=227397575 field=irq_to_spi_us value=12
PR1T v=1 t_us=227397575 field=spi_duration_us value=1248
PR1T v=1 t_us=227397575 field=rx_processing_us value=1250
PR1T v=1 t_us=227397575 field=spi_end_to_rearm_start_us value=137
PR1T v=1 t_us=227397575 field=rx_rearm_us value=417
PR1T v=1 t_us=227397575 field=irq_to_rx_ready_us value=1792
PR1T v=1 t_us=227397575 field=trace_overwrites value=706776
PR1T v=1 t_us=227397575 field=capability_mask value=12
PR1T v=1 t_us=228159523 field=device_state value=2
PR1T v=1 t_us=228159523 field=rssi_dbm value=-50
PR1T v=1 t_us=228159523 field=crc_good value=78772
PR1T v=1 t_us=228159523 field=crc_bad value=35
PR1T v=1 t_us=228159523 field=missing value=119
PR1T v=1 t_us=228159523 field=queue_depth value=0
PR1T v=1 t_us=228159523 field=max_queue_depth value=1
PR1T v=1 t_us=228159523 field=irq_to_spi_us value=8
PR1T v=1 t_us=228159523 field=spi_duration_us value=1250
PR1T v=1 t_us=228159523 field=rx_processing_us value=1251
PR1T v=1 t_us=228159523 field=spi_end_to_rearm_start_us value=137
PR1T v=1 t_us=228159523 field=rx_rearm_us value=417
PR1T v=1 t_us=228159523 field=irq_to_rx_ready_us value=1794
PR1T v=1 t_us=228159523 field=trace_overwrites value=709143
PR1T v=1 t_us=228159523 field=capability_mask value=12
PR1T v=1 t_us=228920676 field=device_state value=2
PR1T v=1 t_us=228920676 field=rssi_dbm value=-50
PR1T v=1 t_us=228920676 field=crc_good value=79035
PR1T v=1 t_us=228920676 field=crc_bad value=35
PR1T v=1 t_us=228920676 field=missing value=120
PR1T v=1 t_us=228920676 field=queue_depth value=0
PR1T v=1 t_us=228920676 field=max_queue_depth value=1
PR1T v=1 t_us=228920676 field=irq_to_spi_us value=5
PR1T v=1 t_us=228920676 field=spi_duration_us value=1249
PR1T v=1 t_us=228920676 field=rx_processing_us value=1250
PR1T v=1 t_us=228920676 field=spi_end_to_rearm_start_us value=136
PR1T v=1 t_us=228920676 field=rx_rearm_us value=418
PR1T v=1 t_us=228920676 field=irq_to_rx_ready_us value=1793
PR1T v=1 t_us=228920676 field=trace_overwrites value=711510
PR1T v=1 t_us=228920676 field=capability_mask value=12
PR1T v=1 t_us=229682477 field=device_state value=2
PR1T v=1 t_us=229682477 field=rssi_dbm value=-51
PR1T v=1 t_us=229682477 field=crc_good value=79298
PR1T v=1 t_us=229682477 field=crc_bad value=35
PR1T v=1 t_us=229682477 field=missing value=121
PR1T v=1 t_us=229682477 field=queue_depth value=0
PR1T v=1 t_us=229682477 field=max_queue_depth value=1
PR1T v=1 t_us=229682477 field=irq_to_spi_us value=10
PR1T v=1 t_us=229682477 field=spi_duration_us value=1248
PR1T v=1 t_us=229682477 field=rx_processing_us value=1250
PR1T v=1 t_us=229682477 field=spi_end_to_rearm_start_us value=137
PR1T v=1 t_us=229682477 field=rx_rearm_us value=417
PR1T v=1 t_us=229682477 field=irq_to_rx_ready_us value=1794
PR1T v=1 t_us=229682477 field=trace_overwrites value=713877
PR1T v=1 t_us=229682477 field=capability_mask value=12
PR1T v=1 t_us=230444406 field=device_state value=2
PR1T v=1 t_us=230444406 field=rssi_dbm value=-53
PR1T v=1 t_us=230444406 field=crc_good value=79561
PR1T v=1 t_us=230444406 field=crc_bad value=35
PR1T v=1 t_us=230444406 field=missing value=122
PR1T v=1 t_us=230444406 field=queue_depth value=0
PR1T v=1 t_us=230444406 field=max_queue_depth value=1
PR1T v=1 t_us=230444406 field=irq_to_spi_us value=6
PR1T v=1 t_us=230444406 field=spi_duration_us value=1250
PR1T v=1 t_us=230444406 field=rx_processing_us value=1251
PR1T v=1 t_us=230444406 field=spi_end_to_rearm_start_us value=138
PR1T v=1 t_us=230444406 field=rx_rearm_us value=416
PR1T v=1 t_us=230444406 field=irq_to_rx_ready_us value=1793
PR1T v=1 t_us=230444406 field=trace_overwrites value=716244
PR1T v=1 t_us=230444406 field=capability_mask value=12
PR1T v=1 t_us=231208232 field=device_state value=2
PR1T v=1 t_us=231208232 field=rssi_dbm value=-50
PR1T v=1 t_us=231208232 field=crc_good value=79825
PR1T v=1 t_us=231208232 field=crc_bad value=35
PR1T v=1 t_us=231208232 field=missing value=123
PR1T v=1 t_us=231208232 field=queue_depth value=0
PR1T v=1 t_us=231208232 field=max_queue_depth value=1
PR1T v=1 t_us=231208232 field=irq_to_spi_us value=12
PR1T v=1 t_us=231208232 field=spi_duration_us value=1245
PR1T v=1 t_us=231208232 field=rx_processing_us value=1247
PR1T v=1 t_us=231208232 field=spi_end_to_rearm_start_us value=137
PR1T v=1 t_us=231208232 field=rx_rearm_us value=420
PR1T v=1 t_us=231208232 field=irq_to_rx_ready_us value=1792
PR1T v=1 t_us=231208232 field=trace_overwrites value=718620
PR1T v=1 t_us=231208232 field=capability_mask value=12
PR1T v=1 t_us=231972648 field=device_state value=2
PR1T v=1 t_us=231972648 field=rssi_dbm value=-51
PR1T v=1 t_us=231972648 field=crc_good value=80089
PR1T v=1 t_us=231972648 field=crc_bad value=35
PR1T v=1 t_us=231972648 field=missing value=124
PR1T v=1 t_us=231972648 field=queue_depth value=0
PR1T v=1 t_us=231972648 field=max_queue_depth value=1
PR1T v=1 t_us=231972648 field=irq_to_spi_us value=8
PR1T v=1 t_us=231972648 field=spi_duration_us value=1250
PR1T v=1 t_us=231972648 field=rx_processing_us value=1251
PR1T v=1 t_us=231972648 field=spi_end_to_rearm_start_us value=137
PR1T v=1 t_us=231972648 field=rx_rearm_us value=418
PR1T v=1 t_us=231972648 field=irq_to_rx_ready_us value=1794
PR1T v=1 t_us=231972648 field=trace_overwrites value=720996
PR1T v=1 t_us=231972648 field=capability_mask value=12
PR1T v=1 t_us=232737134 field=device_state value=2
PR1T v=1 t_us=232737134 field=rssi_dbm value=-50
PR1T v=1 t_us=232737134 field=crc_good value=80352
PR1T v=1 t_us=232737134 field=crc_bad value=35
PR1T v=1 t_us=232737134 field=missing value=126
PR1T v=1 t_us=232737134 field=queue_depth value=0
PR1T v=1 t_us=232737134 field=max_queue_depth value=1
PR1T v=1 t_us=232737134 field=irq_to_spi_us value=5
PR1T v=1 t_us=232737134 field=spi_duration_us value=1250
PR1T v=1 t_us=232737134 field=rx_processing_us value=1252
PR1T v=1 t_us=232737134 field=spi_end_to_rearm_start_us value=137
PR1T v=1 t_us=232737134 field=rx_rearm_us value=416
PR1T v=1 t_us=232737134 field=irq_to_rx_ready_us value=1795
PR1T v=1 t_us=232737134 field=trace_overwrites value=723363
PR1T v=1 t_us=232737134 field=capability_mask value=12
PR1T v=1 t_us=233498682 field=device_state value=2
PR1T v=1 t_us=233498682 field=rssi_dbm value=-49
PR1T v=1 t_us=233498682 field=crc_good value=80615
PR1T v=1 t_us=233498682 field=crc_bad value=35
PR1T v=1 t_us=233498682 field=missing value=127
PR1T v=1 t_us=233498682 field=queue_depth value=0
PR1T v=1 t_us=233498682 field=max_queue_depth value=1
PR1T v=1 t_us=233498682 field=irq_to_spi_us value=5
PR1T v=1 t_us=233498682 field=spi_duration_us value=1249
PR1T v=1 t_us=233498682 field=rx_processing_us value=1251
PR1T v=1 t_us=233498682 field=spi_end_to_rearm_start_us value=138
PR1T v=1 t_us=233498682 field=rx_rearm_us value=417
PR1T v=1 t_us=233498682 field=irq_to_rx_ready_us value=1794
PR1T v=1 t_us=233498682 field=trace_overwrites value=725730
PR1T v=1 t_us=233498682 field=capability_mask value=12
PR1T v=1 t_us=234260261 field=device_state value=2
PR1T v=1 t_us=234260261 field=rssi_dbm value=-50
PR1T v=1 t_us=234260261 field=crc_good value=80878
PR1T v=1 t_us=234260261 field=crc_bad value=35
PR1T v=1 t_us=234260261 field=missing value=128
PR1T v=1 t_us=234260261 field=queue_depth value=0
PR1T v=1 t_us=234260261 field=max_queue_depth value=1
PR1T v=1 t_us=234260261 field=irq_to_spi_us value=10
PR1T v=1 t_us=234260261 field=spi_duration_us value=1246
PR1T v=1 t_us=234260261 field=rx_processing_us value=1248
PR1T v=1 t_us=234260261 field=spi_end_to_rearm_start_us value=138
PR1T v=1 t_us=234260261 field=rx_rearm_us value=421
PR1T v=1 t_us=234260261 field=irq_to_rx_ready_us value=1794
PR1T v=1 t_us=234260261 field=trace_overwrites value=728097
PR1T v=1 t_us=234260261 field=capability_mask value=12
PR1T v=1 t_us=235021786 field=device_state value=2
PR1T v=1 t_us=235021786 field=rssi_dbm value=-53
PR1T v=1 t_us=235021786 field=crc_good value=81141
PR1T v=1 t_us=235021786 field=crc_bad value=35
PR1T v=1 t_us=235021786 field=missing value=129
PR1T v=1 t_us=235021786 field=queue_depth value=0
PR1T v=1 t_us=235021786 field=max_queue_depth value=1
PR1T v=1 t_us=235021786 field=irq_to_spi_us value=11
PR1T v=1 t_us=235021786 field=spi_duration_us value=1248
PR1T v=1 t_us=235021786 field=rx_processing_us value=1250
PR1T v=1 t_us=235021786 field=spi_end_to_rearm_start_us value=138
PR1T v=1 t_us=235021786 field=rx_rearm_us value=416
PR1T v=1 t_us=235021786 field=irq_to_rx_ready_us value=1794
PR1T v=1 t_us=235021786 field=trace_overwrites value=730464
PR1T v=1 t_us=235021786 field=capability_mask value=12
PR1T v=1 t_us=235783371 field=device_state value=2
PR1T v=1 t_us=235783371 field=rssi_dbm value=-50
PR1T v=1 t_us=235783371 field=crc_good value=81404
PR1T v=1 t_us=235783371 field=crc_bad value=35
PR1T v=1 t_us=235783371 field=missing value=130
PR1T v=1 t_us=235783371 field=queue_depth value=0
PR1T v=1 t_us=235783371 field=max_queue_depth value=1
PR1T v=1 t_us=235783371 field=irq_to_spi_us value=6
PR1T v=1 t_us=235783371 field=spi_duration_us value=1245
PR1T v=1 t_us=235783371 field=rx_processing_us value=1247
PR1T v=1 t_us=235783371 field=spi_end_to_rearm_start_us value=137
PR1T v=1 t_us=235783371 field=rx_rearm_us value=422
PR1T v=1 t_us=235783371 field=irq_to_rx_ready_us value=1791
PR1T v=1 t_us=235783371 field=trace_overwrites value=732831
PR1T v=1 t_us=235783371 field=capability_mask value=12
PR1T v=1 t_us=236545157 field=device_state value=2
PR1T v=1 t_us=236545157 field=rssi_dbm value=-50
PR1T v=1 t_us=236545157 field=crc_good value=81667
PR1T v=1 t_us=236545157 field=crc_bad value=35
PR1T v=1 t_us=236545157 field=missing value=131
PR1T v=1 t_us=236545157 field=queue_depth value=0
PR1T v=1 t_us=236545157 field=max_queue_depth value=1
PR1T v=1 t_us=236545157 field=irq_to_spi_us value=6
PR1T v=1 t_us=236545157 field=spi_duration_us value=1251
PR1T v=1 t_us=236545157 field=rx_processing_us value=1252
PR1T v=1 t_us=236545157 field=spi_end_to_rearm_start_us value=137
PR1T v=1 t_us=236545157 field=rx_rearm_us value=417
PR1T v=1 t_us=236545157 field=irq_to_rx_ready_us value=1795
PR1T v=1 t_us=236545157 field=trace_overwrites value=735198
PR1T v=1 t_us=236545157 field=capability_mask value=12
PR1T v=1 t_us=237309372 field=device_state value=2
PR1T v=1 t_us=237309372 field=rssi_dbm value=-49
PR1T v=1 t_us=237309372 field=crc_good value=81931
PR1T v=1 t_us=237309372 field=crc_bad value=35
PR1T v=1 t_us=237309372 field=missing value=132
PR1T v=1 t_us=237309372 field=queue_depth value=0
PR1T v=1 t_us=237309372 field=max_queue_depth value=1
PR1T v=1 t_us=237309372 field=irq_to_spi_us value=6
PR1T v=1 t_us=237309372 field=spi_duration_us value=1246
PR1T v=1 t_us=237309372 field=rx_processing_us value=1248
PR1T v=1 t_us=237309372 field=spi_end_to_rearm_start_us value=137
PR1T v=1 t_us=237309372 field=rx_rearm_us value=421
PR1T v=1 t_us=237309372 field=irq_to_rx_ready_us value=1792
PR1T v=1 t_us=237309372 field=trace_overwrites value=737574
PR1T v=1 t_us=237309372 field=capability_mask value=12
PR1T v=1 t_us=238068619 field=device_state value=2
PR1T v=1 t_us=238068619 field=rssi_dbm value=-50
PR1T v=1 t_us=238068619 field=crc_good value=82193
PR1T v=1 t_us=238068619 field=crc_bad value=35
PR1T v=1 t_us=238068619 field=missing value=133
PR1T v=1 t_us=238068619 field=queue_depth value=0
PR1T v=1 t_us=238068619 field=max_queue_depth value=1
PR1T v=1 t_us=238068619 field=irq_to_spi_us value=6
PR1T v=1 t_us=238068619 field=spi_duration_us value=1249
PR1T v=1 t_us=238068619 field=rx_processing_us value=1250
PR1T v=1 t_us=238068619 field=spi_end_to_rearm_start_us value=137
PR1T v=1 t_us=238068619 field=rx_rearm_us value=418
PR1T v=1 t_us=238068619 field=irq_to_rx_ready_us value=1793
PR1T v=1 t_us=238068619 field=trace_overwrites value=739932
PR1T v=1 t_us=238068619 field=capability_mask value=12
PR1T v=1 t_us=238829573 field=device_state value=2
PR1T v=1 t_us=238829573 field=rssi_dbm value=-50
PR1T v=1 t_us=238829573 field=crc_good value=82456
PR1T v=1 t_us=238829573 field=crc_bad value=35
PR1T v=1 t_us=238829573 field=missing value=134
PR1T v=1 t_us=238829573 field=queue_depth value=0
PR1T v=1 t_us=238829573 field=max_queue_depth value=1
PR1T v=1 t_us=238829573 field=irq_to_spi_us value=11
PR1T v=1 t_us=238829573 field=spi_duration_us value=1247
PR1T v=1 t_us=238829573 field=rx_processing_us value=1248
PR1T v=1 t_us=238829573 field=spi_end_to_rearm_start_us value=137
PR1T v=1 t_us=238829573 field=rx_rearm_us value=424
PR1T v=1 t_us=238829573 field=irq_to_rx_ready_us value=1797
PR1T v=1 t_us=238829573 field=trace_overwrites value=742299
PR1T v=1 t_us=238829573 field=capability_mask value=12
PR1T v=1 t_us=239591134 field=device_state value=2
PR1T v=1 t_us=239591134 field=rssi_dbm value=-50
PR1T v=1 t_us=239591134 field=crc_good value=82719
PR1T v=1 t_us=239591134 field=crc_bad value=35
PR1T v=1 t_us=239591134 field=missing value=135
PR1T v=1 t_us=239591134 field=queue_depth value=0
PR1T v=1 t_us=239591134 field=max_queue_depth value=1
PR1T v=1 t_us=239591134 field=irq_to_spi_us value=12
PR1T v=1 t_us=239591134 field=spi_duration_us value=1251
PR1T v=1 t_us=239591134 field=rx_processing_us value=1253
PR1T v=1 t_us=239591134 field=spi_end_to_rearm_start_us value=136
PR1T v=1 t_us=239591134 field=rx_rearm_us value=418
PR1T v=1 t_us=239591134 field=irq_to_rx_ready_us value=1797
PR1T v=1 t_us=239591134 field=trace_overwrites value=744666
PR1T v=1 t_us=239591134 field=capability_mask value=12
PR1T v=1 t_us=240352669 field=device_state value=2
PR1T v=1 t_us=240352669 field=rssi_dbm value=-49
PR1T v=1 t_us=240352669 field=crc_good value=82982
PR1T v=1 t_us=240352669 field=crc_bad value=35
PR1T v=1 t_us=240352669 field=missing value=136
PR1T v=1 t_us=240352669 field=queue_depth value=0
PR1T v=1 t_us=240352669 field=max_queue_depth value=1
PR1T v=1 t_us=240352669 field=irq_to_spi_us value=8
PR1T v=1 t_us=240352669 field=spi_duration_us value=1248
PR1T v=1 t_us=240352669 field=rx_processing_us value=1250
PR1T v=1 t_us=240352669 field=spi_end_to_rearm_start_us value=137
PR1T v=1 t_us=240352669 field=rx_rearm_us value=420
PR1T v=1 t_us=240352669 field=irq_to_rx_ready_us value=1795
PR1T v=1 t_us=240352669 field=trace_overwrites value=747033
PR1T v=1 t_us=240352669 field=capability_mask value=12
PR1T v=1 t_us=241114785 field=device_state value=2
PR1T v=1 t_us=241114785 field=rssi_dbm value=-50
PR1T v=1 t_us=241114785 field=crc_good value=83245
PR1T v=1 t_us=241114785 field=crc_bad value=35
PR1T v=1 t_us=241114785 field=missing value=137
PR1T v=1 t_us=241114785 field=queue_depth value=0
PR1T v=1 t_us=241114785 field=max_queue_depth value=1
PR1T v=1 t_us=241114785 field=irq_to_spi_us value=6
PR1T v=1 t_us=241114785 field=spi_duration_us value=1249
PR1T v=1 t_us=241114785 field=rx_processing_us value=1251
PR1T v=1 t_us=241114785 field=spi_end_to_rearm_start_us value=137
PR1T v=1 t_us=241114785 field=rx_rearm_us value=416
PR1T v=1 t_us=241114785 field=irq_to_rx_ready_us value=1793
PR1T v=1 t_us=241114785 field=trace_overwrites value=749400
PR1T v=1 t_us=241114785 field=capability_mask value=12
PR1T v=1 t_us=241876718 field=device_state value=2
PR1T v=1 t_us=241876718 field=rssi_dbm value=-50
PR1T v=1 t_us=241876718 field=crc_good value=83508
PR1T v=1 t_us=241876718 field=crc_bad value=35
PR1T v=1 t_us=241876718 field=missing value=138
PR1T v=1 t_us=241876718 field=queue_depth value=0
PR1T v=1 t_us=241876718 field=max_queue_depth value=1
PR1T v=1 t_us=241876718 field=irq_to_spi_us value=12
PR1T v=1 t_us=241876718 field=spi_duration_us value=1244
PR1T v=1 t_us=241876718 field=rx_processing_us value=1246
PR1T v=1 t_us=241876718 field=spi_end_to_rearm_start_us value=137
PR1T v=1 t_us=241876718 field=rx_rearm_us value=421
PR1T v=1 t_us=241876718 field=irq_to_rx_ready_us value=1794
PR1T v=1 t_us=241876718 field=trace_overwrites value=751767
PR1T v=1 t_us=241876718 field=capability_mask value=12
PR1T v=1 t_us=242637741 field=device_state value=2
PR1T v=1 t_us=242637741 field=rssi_dbm value=-50
PR1T v=1 t_us=242637741 field=crc_good value=83771
PR1T v=1 t_us=242637741 field=crc_bad value=35
PR1T v=1 t_us=242637741 field=missing value=139
PR1T v=1 t_us=242637741 field=queue_depth value=0
PR1T v=1 t_us=242637741 field=max_queue_depth value=1
PR1T v=1 t_us=242637741 field=irq_to_spi_us value=8
PR1T v=1 t_us=242637741 field=spi_duration_us value=1244
PR1T v=1 t_us=242637741 field=rx_processing_us value=1246
PR1T v=1 t_us=242637741 field=spi_end_to_rearm_start_us value=138
PR1T v=1 t_us=242637741 field=rx_rearm_us value=421
PR1T v=1 t_us=242637741 field=irq_to_rx_ready_us value=1793
PR1T v=1 t_us=242637741 field=trace_overwrites value=754134
PR1T v=1 t_us=242637741 field=capability_mask value=12
PR1T v=1 t_us=243399354 field=device_state value=2
PR1T v=1 t_us=243399354 field=rssi_dbm value=-50
PR1T v=1 t_us=243399354 field=crc_good value=84034
PR1T v=1 t_us=243399354 field=crc_bad value=35
PR1T v=1 t_us=243399354 field=missing value=140
PR1T v=1 t_us=243399354 field=queue_depth value=0
PR1T v=1 t_us=243399354 field=max_queue_depth value=1
PR1T v=1 t_us=243399354 field=irq_to_spi_us value=11
PR1T v=1 t_us=243399354 field=spi_duration_us value=1245
PR1T v=1 t_us=243399354 field=rx_processing_us value=1246
PR1T v=1 t_us=243399354 field=spi_end_to_rearm_start_us value=137
PR1T v=1 t_us=243399354 field=rx_rearm_us value=421
PR1T v=1 t_us=243399354 field=irq_to_rx_ready_us value=1791
PR1T v=1 t_us=243399354 field=trace_overwrites value=756501
PR1T v=1 t_us=243399354 field=capability_mask value=12
PR1T v=1 t_us=244160474 field=device_state value=2
PR1T v=1 t_us=244160474 field=rssi_dbm value=-50
PR1T v=1 t_us=244160474 field=crc_good value=84297
PR1T v=1 t_us=244160474 field=crc_bad value=35
PR1T v=1 t_us=244160474 field=missing value=141
PR1T v=1 t_us=244160474 field=queue_depth value=0
PR1T v=1 t_us=244160474 field=max_queue_depth value=1
PR1T v=1 t_us=244160474 field=irq_to_spi_us value=5
PR1T v=1 t_us=244160474 field=spi_duration_us value=1246
PR1T v=1 t_us=244160474 field=rx_processing_us value=1248
PR1T v=1 t_us=244160474 field=spi_end_to_rearm_start_us value=137
PR1T v=1 t_us=244160474 field=rx_rearm_us value=421
PR1T v=1 t_us=244160474 field=irq_to_rx_ready_us value=1792
PR1T v=1 t_us=244160474 field=trace_overwrites value=758868
PR1T v=1 t_us=244160474 field=capability_mask value=12
PR1T v=1 t_us=244922021 field=device_state value=2
PR1T v=1 t_us=244922021 field=rssi_dbm value=-50
PR1T v=1 t_us=244922021 field=crc_good value=84560
PR1T v=1 t_us=244922021 field=crc_bad value=35
PR1T v=1 t_us=244922021 field=missing value=142
PR1T v=1 t_us=244922021 field=queue_depth value=0
PR1T v=1 t_us=244922021 field=max_queue_depth value=1
PR1T v=1 t_us=244922021 field=irq_to_spi_us value=6
PR1T v=1 t_us=244922021 field=spi_duration_us value=1252
PR1T v=1 t_us=244922021 field=rx_processing_us value=1253
PR1T v=1 t_us=244922021 field=spi_end_to_rearm_start_us value=138
PR1T v=1 t_us=244922021 field=rx_rearm_us value=417
PR1T v=1 t_us=244922021 field=irq_to_rx_ready_us value=1795
PR1T v=1 t_us=244922021 field=trace_overwrites value=761235
PR1T v=1 t_us=244922021 field=capability_mask value=12
PR1T v=1 t_us=245683570 field=device_state value=2
PR1T v=1 t_us=245683570 field=rssi_dbm value=-50
PR1T v=1 t_us=245683570 field=crc_good value=84823
PR1T v=1 t_us=245683570 field=crc_bad value=35
PR1T v=1 t_us=245683570 field=missing value=143
PR1T v=1 t_us=245683570 field=queue_depth value=0
PR1T v=1 t_us=245683570 field=max_queue_depth value=1
PR1T v=1 t_us=245683570 field=irq_to_spi_us value=10
PR1T v=1 t_us=245683570 field=spi_duration_us value=1247
PR1T v=1 t_us=245683570 field=rx_processing_us value=1249
PR1T v=1 t_us=245683570 field=spi_end_to_rearm_start_us value=137
PR1T v=1 t_us=245683570 field=rx_rearm_us value=420
PR1T v=1 t_us=245683570 field=irq_to_rx_ready_us value=1796
PR1T v=1 t_us=245683570 field=trace_overwrites value=763602
PR1T v=1 t_us=245683570 field=capability_mask value=12
PR1T v=1 t_us=246448030 field=device_state value=2
PR1T v=1 t_us=246448030 field=rssi_dbm value=-50
PR1T v=1 t_us=246448030 field=crc_good value=85087
PR1T v=1 t_us=246448030 field=crc_bad value=35
PR1T v=1 t_us=246448030 field=missing value=144
PR1T v=1 t_us=246448030 field=queue_depth value=0
PR1T v=1 t_us=246448030 field=max_queue_depth value=1
PR1T v=1 t_us=246448030 field=irq_to_spi_us value=9
PR1T v=1 t_us=246448030 field=spi_duration_us value=1250
PR1T v=1 t_us=246448030 field=rx_processing_us value=1252
PR1T v=1 t_us=246448030 field=spi_end_to_rearm_start_us value=137
PR1T v=1 t_us=246448030 field=rx_rearm_us value=417
PR1T v=1 t_us=246448030 field=irq_to_rx_ready_us value=1795
PR1T v=1 t_us=246448030 field=trace_overwrites value=765978
PR1T v=1 t_us=246448030 field=capability_mask value=12
PR1T v=1 t_us=247206981 field=device_state value=2
PR1T v=1 t_us=247206981 field=rssi_dbm value=-51
PR1T v=1 t_us=247206981 field=crc_good value=85349
PR1T v=1 t_us=247206981 field=crc_bad value=35
PR1T v=1 t_us=247206981 field=missing value=145
PR1T v=1 t_us=247206981 field=queue_depth value=0
PR1T v=1 t_us=247206981 field=max_queue_depth value=1
PR1T v=1 t_us=247206981 field=irq_to_spi_us value=6
PR1T v=1 t_us=247206981 field=spi_duration_us value=1245
PR1T v=1 t_us=247206981 field=rx_processing_us value=1247
PR1T v=1 t_us=247206981 field=spi_end_to_rearm_start_us value=137
PR1T v=1 t_us=247206981 field=rx_rearm_us value=420
PR1T v=1 t_us=247206981 field=irq_to_rx_ready_us value=1794
PR1T v=1 t_us=247206981 field=trace_overwrites value=768336
PR1T v=1 t_us=247206981 field=capability_mask value=12
PR1T v=1 t_us=247968262 field=device_state value=2
PR1T v=1 t_us=247968262 field=rssi_dbm value=-53
PR1T v=1 t_us=247968262 field=crc_good value=85612
PR1T v=1 t_us=247968262 field=crc_bad value=35
PR1T v=1 t_us=247968262 field=missing value=146
PR1T v=1 t_us=247968262 field=queue_depth value=0
PR1T v=1 t_us=247968262 field=max_queue_depth value=1
PR1T v=1 t_us=247968262 field=irq_to_spi_us value=6
PR1T v=1 t_us=247968262 field=spi_duration_us value=1246
PR1T v=1 t_us=247968262 field=rx_processing_us value=1247
PR1T v=1 t_us=247968262 field=spi_end_to_rearm_start_us value=136
PR1T v=1 t_us=247968262 field=rx_rearm_us value=421
PR1T v=1 t_us=247968262 field=irq_to_rx_ready_us value=1792
PR1T v=1 t_us=247968262 field=trace_overwrites value=770703
PR1T v=1 t_us=247968262 field=capability_mask value=12
PR1T v=1 t_us=248730480 field=device_state value=2
PR1T v=1 t_us=248730480 field=rssi_dbm value=-50
PR1T v=1 t_us=248730480 field=crc_good value=85875
PR1T v=1 t_us=248730480 field=crc_bad value=35
PR1T v=1 t_us=248730480 field=missing value=147
PR1T v=1 t_us=248730480 field=queue_depth value=0
PR1T v=1 t_us=248730480 field=max_queue_depth value=1
PR1T v=1 t_us=248730480 field=irq_to_spi_us value=6
PR1T v=1 t_us=248730480 field=spi_duration_us value=1250
PR1T v=1 t_us=248730480 field=rx_processing_us value=1252
PR1T v=1 t_us=248730480 field=spi_end_to_rearm_start_us value=138
PR1T v=1 t_us=248730480 field=rx_rearm_us value=416
PR1T v=1 t_us=248730480 field=irq_to_rx_ready_us value=1794
PR1T v=1 t_us=248730480 field=trace_overwrites value=773070
PR1T v=1 t_us=248730480 field=capability_mask value=12
PR1T v=1 t_us=249494278 field=device_state value=2
PR1T v=1 t_us=249494278 field=rssi_dbm value=-50
PR1T v=1 t_us=249494278 field=crc_good value=86139
PR1T v=1 t_us=249494278 field=crc_bad value=35
PR1T v=1 t_us=249494278 field=missing value=148
PR1T v=1 t_us=249494278 field=queue_depth value=0
PR1T v=1 t_us=249494278 field=max_queue_depth value=1
PR1T v=1 t_us=249494278 field=irq_to_spi_us value=12
PR1T v=1 t_us=249494278 field=spi_duration_us value=1245
PR1T v=1 t_us=249494278 field=rx_processing_us value=1247
PR1T v=1 t_us=249494278 field=spi_end_to_rearm_start_us value=137
PR1T v=1 t_us=249494278 field=rx_rearm_us value=422
PR1T v=1 t_us=249494278 field=irq_to_rx_ready_us value=1793
PR1T v=1 t_us=249494278 field=trace_overwrites value=775446
PR1T v=1 t_us=249494278 field=capability_mask value=12
PR1T v=1 t_us=250258692 field=device_state value=2
PR1T v=1 t_us=250258692 field=rssi_dbm value=-50
PR1T v=1 t_us=250258692 field=crc_good value=86403
PR1T v=1 t_us=250258692 field=crc_bad value=35
PR1T v=1 t_us=250258692 field=missing value=149
PR1T v=1 t_us=250258692 field=queue_depth value=0
PR1T v=1 t_us=250258692 field=max_queue_depth value=1
PR1T v=1 t_us=250258692 field=irq_to_spi_us value=6
PR1T v=1 t_us=250258692 field=spi_duration_us value=1249
PR1T v=1 t_us=250258692 field=rx_processing_us value=1251
PR1T v=1 t_us=250258692 field=spi_end_to_rearm_start_us value=137
PR1T v=1 t_us=250258692 field=rx_rearm_us value=417
PR1T v=1 t_us=250258692 field=irq_to_rx_ready_us value=1796
PR1T v=1 t_us=250258692 field=trace_overwrites value=777822
PR1T v=1 t_us=250258692 field=capability_mask value=12
PR1T v=1 t_us=251023129 field=device_state value=2
PR1T v=1 t_us=251023129 field=rssi_dbm value=-50
PR1T v=1 t_us=251023129 field=crc_good value=86667
PR1T v=1 t_us=251023129 field=crc_bad value=35
PR1T v=1 t_us=251023129 field=missing value=150
PR1T v=1 t_us=251023129 field=queue_depth value=0
PR1T v=1 t_us=251023129 field=max_queue_depth value=1
PR1T v=1 t_us=251023129 field=irq_to_spi_us value=11
PR1T v=1 t_us=251023129 field=spi_duration_us value=1244
PR1T v=1 t_us=251023129 field=rx_processing_us value=1246
PR1T v=1 t_us=251023129 field=spi_end_to_rearm_start_us value=136
PR1T v=1 t_us=251023129 field=rx_rearm_us value=421
PR1T v=1 t_us=251023129 field=irq_to_rx_ready_us value=1794
PR1T v=1 t_us=251023129 field=trace_overwrites value=780198
PR1T v=1 t_us=251023129 field=capability_mask value=12
PR1T v=1 t_us=251784671 field=device_state value=2
PR1T v=1 t_us=251784671 field=rssi_dbm value=-50
PR1T v=1 t_us=251784671 field=crc_good value=86930
PR1T v=1 t_us=251784671 field=crc_bad value=35
PR1T v=1 t_us=251784671 field=missing value=151
PR1T v=1 t_us=251784671 field=queue_depth value=0
PR1T v=1 t_us=251784671 field=max_queue_depth value=1
PR1T v=1 t_us=251784671 field=irq_to_spi_us value=6
PR1T v=1 t_us=251784671 field=spi_duration_us value=1249
PR1T v=1 t_us=251784671 field=rx_processing_us value=1251
PR1T v=1 t_us=251784671 field=spi_end_to_rearm_start_us value=137
PR1T v=1 t_us=251784671 field=rx_rearm_us value=417
PR1T v=1 t_us=251784671 field=irq_to_rx_ready_us value=1793
PR1T v=1 t_us=251784671 field=trace_overwrites value=782565
PR1T v=1 t_us=251784671 field=capability_mask value=12
PR1T v=1 t_us=252546207 field=device_state value=2
PR1T v=1 t_us=252546207 field=rssi_dbm value=-50
PR1T v=1 t_us=252546207 field=crc_good value=87193
PR1T v=1 t_us=252546207 field=crc_bad value=35
PR1T v=1 t_us=252546207 field=missing value=152
PR1T v=1 t_us=252546207 field=queue_depth value=0
PR1T v=1 t_us=252546207 field=max_queue_depth value=1
PR1T v=1 t_us=252546207 field=irq_to_spi_us value=6
PR1T v=1 t_us=252546207 field=spi_duration_us value=1250
PR1T v=1 t_us=252546207 field=rx_processing_us value=1252
PR1T v=1 t_us=252546207 field=spi_end_to_rearm_start_us value=137
PR1T v=1 t_us=252546207 field=rx_rearm_us value=417
PR1T v=1 t_us=252546207 field=irq_to_rx_ready_us value=1794
PR1T v=1 t_us=252546207 field=trace_overwrites value=784932
PR1T v=1 t_us=252546207 field=capability_mask value=12
PR1T v=1 t_us=253307810 field=device_state value=2
PR1T v=1 t_us=253307810 field=rssi_dbm value=-50
PR1T v=1 t_us=253307810 field=crc_good value=87456
PR1T v=1 t_us=253307810 field=crc_bad value=35
PR1T v=1 t_us=253307810 field=missing value=153
PR1T v=1 t_us=253307810 field=queue_depth value=0
PR1T v=1 t_us=253307810 field=max_queue_depth value=1
PR1T v=1 t_us=253307810 field=irq_to_spi_us value=8
PR1T v=1 t_us=253307810 field=spi_duration_us value=1248
PR1T v=1 t_us=253307810 field=rx_processing_us value=1250
PR1T v=1 t_us=253307810 field=spi_end_to_rearm_start_us value=136
PR1T v=1 t_us=253307810 field=rx_rearm_us value=417
PR1T v=1 t_us=253307810 field=irq_to_rx_ready_us value=1795
PR1T v=1 t_us=253307810 field=trace_overwrites value=787299
PR1T v=1 t_us=253307810 field=capability_mask value=12
PR1T v=1 t_us=254069344 field=device_state value=2
PR1T v=1 t_us=254069344 field=rssi_dbm value=-53
PR1T v=1 t_us=254069344 field=crc_good value=87719
PR1T v=1 t_us=254069344 field=crc_bad value=35
PR1T v=1 t_us=254069344 field=missing value=154
PR1T v=1 t_us=254069344 field=queue_depth value=0
PR1T v=1 t_us=254069344 field=max_queue_depth value=1
PR1T v=1 t_us=254069344 field=irq_to_spi_us value=11
PR1T v=1 t_us=254069344 field=spi_duration_us value=1245
PR1T v=1 t_us=254069344 field=rx_processing_us value=1246
PR1T v=1 t_us=254069344 field=spi_end_to_rearm_start_us value=137
PR1T v=1 t_us=254069344 field=rx_rearm_us value=421
PR1T v=1 t_us=254069344 field=irq_to_rx_ready_us value=1792
PR1T v=1 t_us=254069344 field=trace_overwrites value=789666
PR1T v=1 t_us=254069344 field=capability_mask value=12
PR1T v=1 t_us=254833777 field=device_state value=2
PR1T v=1 t_us=254833777 field=rssi_dbm value=-50
PR1T v=1 t_us=254833777 field=crc_good value=87983
PR1T v=1 t_us=254833777 field=crc_bad value=35
PR1T v=1 t_us=254833777 field=missing value=155
PR1T v=1 t_us=254833777 field=queue_depth value=0
PR1T v=1 t_us=254833777 field=max_queue_depth value=1
PR1T v=1 t_us=254833777 field=irq_to_spi_us value=6
PR1T v=1 t_us=254833777 field=spi_duration_us value=1249
PR1T v=1 t_us=254833777 field=rx_processing_us value=1250
PR1T v=1 t_us=254833777 field=spi_end_to_rearm_start_us value=137
PR1T v=1 t_us=254833777 field=rx_rearm_us value=417
PR1T v=1 t_us=254833777 field=irq_to_rx_ready_us value=1793
PR1T v=1 t_us=254833777 field=trace_overwrites value=792042
PR1T v=1 t_us=254833777 field=capability_mask value=12
PR1T v=1 t_us=255598333 field=device_state value=2
PR1T v=1 t_us=255598333 field=rssi_dbm value=-50
PR1T v=1 t_us=255598333 field=crc_good value=88247
PR1T v=1 t_us=255598333 field=crc_bad value=35
PR1T v=1 t_us=255598333 field=missing value=156
PR1T v=1 t_us=255598333 field=queue_depth value=0
PR1T v=1 t_us=255598333 field=max_queue_depth value=1
PR1T v=1 t_us=255598333 field=irq_to_spi_us value=12
PR1T v=1 t_us=255598333 field=spi_duration_us value=1245
PR1T v=1 t_us=255598333 field=rx_processing_us value=1246
PR1T v=1 t_us=255598333 field=spi_end_to_rearm_start_us value=137
PR1T v=1 t_us=255598333 field=rx_rearm_us value=421
PR1T v=1 t_us=255598333 field=irq_to_rx_ready_us value=1791
PR1T v=1 t_us=255598333 field=trace_overwrites value=794418
PR1T v=1 t_us=255598333 field=capability_mask value=12
PR1T v=1 t_us=256359910 field=device_state value=2
PR1T v=1 t_us=256359910 field=rssi_dbm value=-50
PR1T v=1 t_us=256359910 field=crc_good value=88510
PR1T v=1 t_us=256359910 field=crc_bad value=35
PR1T v=1 t_us=256359910 field=missing value=157
PR1T v=1 t_us=256359910 field=queue_depth value=0
PR1T v=1 t_us=256359910 field=max_queue_depth value=1
PR1T v=1 t_us=256359910 field=irq_to_spi_us value=5
PR1T v=1 t_us=256359910 field=spi_duration_us value=1249
PR1T v=1 t_us=256359910 field=rx_processing_us value=1251
PR1T v=1 t_us=256359910 field=spi_end_to_rearm_start_us value=137
PR1T v=1 t_us=256359910 field=rx_rearm_us value=416
PR1T v=1 t_us=256359910 field=irq_to_rx_ready_us value=1795
PR1T v=1 t_us=256359910 field=trace_overwrites value=796785
PR1T v=1 t_us=256359910 field=capability_mask value=12
PR1T v=1 t_us=257124356 field=device_state value=2
PR1T v=1 t_us=257124356 field=rssi_dbm value=-50
PR1T v=1 t_us=257124356 field=crc_good value=88774
PR1T v=1 t_us=257124356 field=crc_bad value=35
PR1T v=1 t_us=257124356 field=missing value=158
PR1T v=1 t_us=257124356 field=queue_depth value=0
PR1T v=1 t_us=257124356 field=max_queue_depth value=1
PR1T v=1 t_us=257124356 field=irq_to_spi_us value=8
PR1T v=1 t_us=257124356 field=spi_duration_us value=1245
PR1T v=1 t_us=257124356 field=rx_processing_us value=1247
PR1T v=1 t_us=257124356 field=spi_end_to_rearm_start_us value=137
PR1T v=1 t_us=257124356 field=rx_rearm_us value=422
PR1T v=1 t_us=257124356 field=irq_to_rx_ready_us value=1794
PR1T v=1 t_us=257124356 field=trace_overwrites value=799161
PR1T v=1 t_us=257124356 field=capability_mask value=12
PR1T v=1 t_us=257885893 field=device_state value=2
PR1T v=1 t_us=257885893 field=rssi_dbm value=-50
PR1T v=1 t_us=257885893 field=crc_good value=89037
PR1T v=1 t_us=257885893 field=crc_bad value=35
PR1T v=1 t_us=257885893 field=missing value=159
PR1T v=1 t_us=257885893 field=queue_depth value=0
PR1T v=1 t_us=257885893 field=max_queue_depth value=1
PR1T v=1 t_us=257885893 field=irq_to_spi_us value=11
PR1T v=1 t_us=257885893 field=spi_duration_us value=1251
PR1T v=1 t_us=257885893 field=rx_processing_us value=1253
PR1T v=1 t_us=257885893 field=spi_end_to_rearm_start_us value=137
PR1T v=1 t_us=257885893 field=rx_rearm_us value=418
PR1T v=1 t_us=257885893 field=irq_to_rx_ready_us value=1795
PR1T v=1 t_us=257885893 field=trace_overwrites value=801528
PR1T v=1 t_us=257885893 field=capability_mask value=12
PR1T v=1 t_us=258647748 field=device_state value=2
PR1T v=1 t_us=258647748 field=rssi_dbm value=-50
PR1T v=1 t_us=258647748 field=crc_good value=89300
PR1T v=1 t_us=258647748 field=crc_bad value=35
PR1T v=1 t_us=258647748 field=missing value=160
PR1T v=1 t_us=258647748 field=queue_depth value=0
PR1T v=1 t_us=258647748 field=max_queue_depth value=1
PR1T v=1 t_us=258647748 field=irq_to_spi_us value=6
PR1T v=1 t_us=258647748 field=spi_duration_us value=1244
PR1T v=1 t_us=258647748 field=rx_processing_us value=1246
PR1T v=1 t_us=258647748 field=spi_end_to_rearm_start_us value=136
PR1T v=1 t_us=258647748 field=rx_rearm_us value=422
PR1T v=1 t_us=258647748 field=irq_to_rx_ready_us value=1792
PR1T v=1 t_us=258647748 field=trace_overwrites value=803895
PR1T v=1 t_us=258647748 field=capability_mask value=12
PR1T v=1 t_us=259409197 field=device_state value=2
PR1T v=1 t_us=259409197 field=rssi_dbm value=-50
PR1T v=1 t_us=259409197 field=crc_good value=89563
PR1T v=1 t_us=259409197 field=crc_bad value=35
PR1T v=1 t_us=259409197 field=missing value=161
PR1T v=1 t_us=259409197 field=queue_depth value=0
PR1T v=1 t_us=259409197 field=max_queue_depth value=1
PR1T v=1 t_us=259409197 field=irq_to_spi_us value=6
PR1T v=1 t_us=259409197 field=spi_duration_us value=1245
PR1T v=1 t_us=259409197 field=rx_processing_us value=1246
PR1T v=1 t_us=259409197 field=spi_end_to_rearm_start_us value=137
PR1T v=1 t_us=259409197 field=rx_rearm_us value=422
PR1T v=1 t_us=259409197 field=irq_to_rx_ready_us value=1792
PR1T v=1 t_us=259409197 field=trace_overwrites value=806262
PR1T v=1 t_us=259409197 field=capability_mask value=12
PR1T v=1 t_us=260171317 field=device_state value=2
PR1T v=1 t_us=260171317 field=rssi_dbm value=-50
PR1T v=1 t_us=260171317 field=crc_good value=89826
PR1T v=1 t_us=260171317 field=crc_bad value=35
PR1T v=1 t_us=260171317 field=missing value=162
PR1T v=1 t_us=260171317 field=queue_depth value=0
PR1T v=1 t_us=260171317 field=max_queue_depth value=1
PR1T v=1 t_us=260171317 field=irq_to_spi_us value=5
PR1T v=1 t_us=260171317 field=spi_duration_us value=1248
PR1T v=1 t_us=260171317 field=rx_processing_us value=1250
PR1T v=1 t_us=260171317 field=spi_end_to_rearm_start_us value=137
PR1T v=1 t_us=260171317 field=rx_rearm_us value=420
PR1T v=1 t_us=260171317 field=irq_to_rx_ready_us value=1795
PR1T v=1 t_us=260171317 field=trace_overwrites value=808629
PR1T v=1 t_us=260171317 field=capability_mask value=12
PR1T v=1 t_us=260932074 field=device_state value=2
PR1T v=1 t_us=260932074 field=rssi_dbm value=-50
PR1T v=1 t_us=260932074 field=crc_good value=90089
PR1T v=1 t_us=260932074 field=crc_bad value=35
PR1T v=1 t_us=260932074 field=missing value=163
PR1T v=1 t_us=260932074 field=queue_depth value=0
PR1T v=1 t_us=260932074 field=max_queue_depth value=1
PR1T v=1 t_us=260932074 field=irq_to_spi_us value=12
PR1T v=1 t_us=260932074 field=spi_duration_us value=1245
PR1T v=1 t_us=260932074 field=rx_processing_us value=1247
PR1T v=1 t_us=260932074 field=spi_end_to_rearm_start_us value=137
PR1T v=1 t_us=260932074 field=rx_rearm_us value=422
PR1T v=1 t_us=260932074 field=irq_to_rx_ready_us value=1792
PR1T v=1 t_us=260932074 field=trace_overwrites value=810996
PR1T v=1 t_us=260932074 field=capability_mask value=12
PR1T v=1 t_us=261693643 field=device_state value=2
PR1T v=1 t_us=261693643 field=rssi_dbm value=-50
PR1T v=1 t_us=261693643 field=crc_good value=90352
PR1T v=1 t_us=261693643 field=crc_bad value=35
PR1T v=1 t_us=261693643 field=missing value=164
PR1T v=1 t_us=261693643 field=queue_depth value=0
PR1T v=1 t_us=261693643 field=max_queue_depth value=1
PR1T v=1 t_us=261693643 field=irq_to_spi_us value=6
PR1T v=1 t_us=261693643 field=spi_duration_us value=1250
PR1T v=1 t_us=261693643 field=rx_processing_us value=1252
PR1T v=1 t_us=261693643 field=spi_end_to_rearm_start_us value=137
PR1T v=1 t_us=261693643 field=rx_rearm_us value=417
PR1T v=1 t_us=261693643 field=irq_to_rx_ready_us value=1794
PR1T v=1 t_us=261693643 field=trace_overwrites value=813363
PR1T v=1 t_us=261693643 field=capability_mask value=12
PR1T v=1 t_us=262455264 field=device_state value=2
PR1T v=1 t_us=262455264 field=rssi_dbm value=-50
PR1T v=1 t_us=262455264 field=crc_good value=90615
PR1T v=1 t_us=262455264 field=crc_bad value=35
PR1T v=1 t_us=262455264 field=missing value=165
PR1T v=1 t_us=262455264 field=queue_depth value=0
PR1T v=1 t_us=262455264 field=max_queue_depth value=1
PR1T v=1 t_us=262455264 field=irq_to_spi_us value=11
PR1T v=1 t_us=262455264 field=spi_duration_us value=1248
PR1T v=1 t_us=262455264 field=rx_processing_us value=1250
PR1T v=1 t_us=262455264 field=spi_end_to_rearm_start_us value=137
PR1T v=1 t_us=262455264 field=rx_rearm_us value=417
PR1T v=1 t_us=262455264 field=irq_to_rx_ready_us value=1793
PR1T v=1 t_us=262455264 field=trace_overwrites value=815730
PR1T v=1 t_us=262455264 field=capability_mask value=12
PR1T v=1 t_us=263219660 field=device_state value=2
PR1T v=1 t_us=263219660 field=rssi_dbm value=-50
PR1T v=1 t_us=263219660 field=crc_good value=90879
PR1T v=1 t_us=263219660 field=crc_bad value=35
PR1T v=1 t_us=263219660 field=missing value=166
PR1T v=1 t_us=263219660 field=queue_depth value=0
PR1T v=1 t_us=263219660 field=max_queue_depth value=1
PR1T v=1 t_us=263219660 field=irq_to_spi_us value=11
PR1T v=1 t_us=263219660 field=spi_duration_us value=1251
PR1T v=1 t_us=263219660 field=rx_processing_us value=1253
PR1T v=1 t_us=263219660 field=spi_end_to_rearm_start_us value=138
PR1T v=1 t_us=263219660 field=rx_rearm_us value=421
PR1T v=1 t_us=263219660 field=irq_to_rx_ready_us value=1794
PR1T v=1 t_us=263219660 field=trace_overwrites value=818106
PR1T v=1 t_us=263219660 field=capability_mask value=12
PR1T v=1 t_us=263984317 field=device_state value=2
PR1T v=1 t_us=263984317 field=rssi_dbm value=-50
PR1T v=1 t_us=263984317 field=crc_good value=91143
PR1T v=1 t_us=263984317 field=crc_bad value=35
PR1T v=1 t_us=263984317 field=missing value=167
PR1T v=1 t_us=263984317 field=queue_depth value=0
PR1T v=1 t_us=263984317 field=max_queue_depth value=1
PR1T v=1 t_us=263984317 field=irq_to_spi_us value=6
PR1T v=1 t_us=263984317 field=spi_duration_us value=1248
PR1T v=1 t_us=263984317 field=rx_processing_us value=1250
PR1T v=1 t_us=263984317 field=spi_end_to_rearm_start_us value=138
PR1T v=1 t_us=263984317 field=rx_rearm_us value=417
PR1T v=1 t_us=263984317 field=irq_to_rx_ready_us value=1794
PR1T v=1 t_us=263984317 field=trace_overwrites value=820482
PR1T v=1 t_us=263984317 field=capability_mask value=12
PR1T v=1 t_us=264748533 field=device_state value=2
PR1T v=1 t_us=264748533 field=rssi_dbm value=-53
PR1T v=1 t_us=264748533 field=crc_good value=91407
PR1T v=1 t_us=264748533 field=crc_bad value=35
PR1T v=1 t_us=264748533 field=missing value=168
PR1T v=1 t_us=264748533 field=queue_depth value=0
PR1T v=1 t_us=264748533 field=max_queue_depth value=1
PR1T v=1 t_us=264748533 field=irq_to_spi_us value=11
PR1T v=1 t_us=264748533 field=spi_duration_us value=1251
PR1T v=1 t_us=264748533 field=rx_processing_us value=1253
PR1T v=1 t_us=264748533 field=spi_end_to_rearm_start_us value=137
PR1T v=1 t_us=264748533 field=rx_rearm_us value=417
PR1T v=1 t_us=264748533 field=irq_to_rx_ready_us value=1795
PR1T v=1 t_us=264748533 field=trace_overwrites value=822858
PR1T v=1 t_us=264748533 field=capability_mask value=12
PR1T v=1 t_us=265510528 field=device_state value=2
PR1T v=1 t_us=265510528 field=rssi_dbm value=-53
PR1T v=1 t_us=265510528 field=crc_good value=91670
PR1T v=1 t_us=265510528 field=crc_bad value=35
PR1T v=1 t_us=265510528 field=missing value=169
PR1T v=1 t_us=265510528 field=queue_depth value=0
PR1T v=1 t_us=265510528 field=max_queue_depth value=1
PR1T v=1 t_us=265510528 field=irq_to_spi_us value=7
PR1T v=1 t_us=265510528 field=spi_duration_us value=1249
PR1T v=1 t_us=265510528 field=rx_processing_us value=1251
PR1T v=1 t_us=265510528 field=spi_end_to_rearm_start_us value=137
PR1T v=1 t_us=265510528 field=rx_rearm_us value=417
PR1T v=1 t_us=265510528 field=irq_to_rx_ready_us value=1794
PR1T v=1 t_us=265510528 field=trace_overwrites value=825225
PR1T v=1 t_us=265510528 field=capability_mask value=12
PR1T v=1 t_us=266271664 field=device_state value=2
PR1T v=1 t_us=266271664 field=rssi_dbm value=-50
PR1T v=1 t_us=266271664 field=crc_good value=91933
PR1T v=1 t_us=266271664 field=crc_bad value=35
PR1T v=1 t_us=266271664 field=missing value=170
PR1T v=1 t_us=266271664 field=queue_depth value=0
PR1T v=1 t_us=266271664 field=max_queue_depth value=1
PR1T v=1 t_us=266271664 field=irq_to_spi_us value=6
PR1T v=1 t_us=266271664 field=spi_duration_us value=1250
PR1T v=1 t_us=266271664 field=rx_processing_us value=1252
PR1T v=1 t_us=266271664 field=spi_end_to_rearm_start_us value=137
PR1T v=1 t_us=266271664 field=rx_rearm_us value=417
PR1T v=1 t_us=266271664 field=irq_to_rx_ready_us value=1795
PR1T v=1 t_us=266271664 field=trace_overwrites value=827592
PR1T v=1 t_us=266271664 field=capability_mask value=12
PR1T v=1 t_us=267031407 field=device_state value=2
PR1T v=1 t_us=267031407 field=rssi_dbm value=-49
PR1T v=1 t_us=267031407 field=crc_good value=92195
PR1T v=1 t_us=267031407 field=crc_bad value=35
PR1T v=1 t_us=267031407 field=missing value=171
PR1T v=1 t_us=267031407 field=queue_depth value=0
PR1T v=1 t_us=267031407 field=max_queue_depth value=1
PR1T v=1 t_us=267031407 field=irq_to_spi_us value=5
PR1T v=1 t_us=267031407 field=spi_duration_us value=1250
PR1T v=1 t_us=267031407 field=rx_processing_us value=1252
PR1T v=1 t_us=267031407 field=spi_end_to_rearm_start_us value=137
PR1T v=1 t_us=267031407 field=rx_rearm_us value=417
PR1T v=1 t_us=267031407 field=irq_to_rx_ready_us value=1795
PR1T v=1 t_us=267031407 field=trace_overwrites value=829950
PR1T v=1 t_us=267031407 field=capability_mask value=12
PR1T v=1 t_us=267794805 field=device_state value=2
PR1T v=1 t_us=267794805 field=rssi_dbm value=-50
PR1T v=1 t_us=267794805 field=crc_good value=92459
PR1T v=1 t_us=267794805 field=crc_bad value=35
PR1T v=1 t_us=267794805 field=missing value=172
PR1T v=1 t_us=267794805 field=queue_depth value=0
PR1T v=1 t_us=267794805 field=max_queue_depth value=1
PR1T v=1 t_us=267794805 field=irq_to_spi_us value=5
PR1T v=1 t_us=267794805 field=spi_duration_us value=1248
PR1T v=1 t_us=267794805 field=rx_processing_us value=1250
PR1T v=1 t_us=267794805 field=spi_end_to_rearm_start_us value=137
PR1T v=1 t_us=267794805 field=rx_rearm_us value=420
PR1T v=1 t_us=267794805 field=irq_to_rx_ready_us value=1796
PR1T v=1 t_us=267794805 field=trace_overwrites value=832326
PR1T v=1 t_us=267794805 field=capability_mask value=12
PR1T v=1 t_us=268556614 field=device_state value=2
PR1T v=1 t_us=268556614 field=rssi_dbm value=-50
PR1T v=1 t_us=268556614 field=crc_good value=92722
PR1T v=1 t_us=268556614 field=crc_bad value=35
PR1T v=1 t_us=268556614 field=missing value=173
PR1T v=1 t_us=268556614 field=queue_depth value=0
PR1T v=1 t_us=268556614 field=max_queue_depth value=1
PR1T v=1 t_us=268556614 field=irq_to_spi_us value=8
PR1T v=1 t_us=268556614 field=spi_duration_us value=1246
PR1T v=1 t_us=268556614 field=rx_processing_us value=1247
PR1T v=1 t_us=268556614 field=spi_end_to_rearm_start_us value=138
PR1T v=1 t_us=268556614 field=rx_rearm_us value=421
PR1T v=1 t_us=268556614 field=irq_to_rx_ready_us value=1794
PR1T v=1 t_us=268556614 field=trace_overwrites value=834693
PR1T v=1 t_us=268556614 field=capability_mask value=12
PR1T v=1 t_us=269321069 field=device_state value=2
PR1T v=1 t_us=269321069 field=rssi_dbm value=-50
PR1T v=1 t_us=269321069 field=crc_good value=92986
PR1T v=1 t_us=269321069 field=crc_bad value=35
PR1_HOST_TRUNCATED_LINE PR1T v=1 t_us=269321069 field=missin
PR1_HOST_SERIAL_REOPEN reason=telemetry snapshot truncated mid-line
PR1T v=1 t_us=270906084 field=device_state value=2
PR1T v=1 t_us=270906084 field=rssi_dbm value=-50
PR1T v=1 t_us=270906084 field=crc_good value=93533
PR1T v=1 t_us=270906084 field=crc_bad value=36
PR1T v=1 t_us=270906084 field=missing value=176
PR1T v=1 t_us=270906084 field=queue_depth value=0
PR1T v=1 t_us=270906084 field=max_queue_depth value=1
PR1T v=1 t_us=270906084 field=irq_to_spi_us value=11
PR1T v=1 t_us=270906084 field=spi_duration_us value=1249
PR1T v=1 t_us=270906084 field=rx_processing_us value=1251
PR1T v=1 t_us=270906084 field=spi_end_to_rearm_start_us value=137
PR1T v=1 t_us=270906084 field=rx_rearm_us value=417
PR1T v=1 t_us=270906084 field=irq_to_rx_ready_us value=1794
PR1T v=1 t_us=270906084 field=trace_overwrites value=842001
PR1T v=1 t_us=270906084 field=capability_mask value=12
PR1T v=1 t_us=271667623 field=device_state value=2
PR1T v=1 t_us=271667623 field=rssi_dbm value=-50
PR1T v=1 t_us=271667623 field=crc_good value=93796
PR1T v=1 t_us=271667623 field=crc_bad value=36
PR1T v=1 t_us=271667623 field=missing value=177
PR1T v=1 t_us=271667623 field=queue_depth value=0
PR1T v=1 t_us=271667623 field=max_queue_depth value=1
PR1T v=1 t_us=271667623 field=irq_to_spi_us value=6
PR1T v=1 t_us=271667623 field=spi_duration_us value=1244
PR1T v=1 t_us=271667623 field=rx_processing_us value=1246
PR1T v=1 t_us=271667623 field=spi_end_to_rearm_start_us value=138
PR1T v=1 t_us=271667623 field=rx_rearm_us value=421
PR1T v=1 t_us=271667623 field=irq_to_rx_ready_us value=1793
PR1T v=1 t_us=271667623 field=trace_overwrites value=844368
PR1T v=1 t_us=271667623 field=capability_mask value=12
PR1T v=1 t_us=272428727 field=device_state value=2
PR1T v=1 t_us=272428727 field=rssi_dbm value=-50
PR1T v=1 t_us=272428727 field=crc_good value=94059
PR1T v=1 t_us=272428727 field=crc_bad value=36
PR1T v=1 t_us=272428727 field=missing value=178
PR1T v=1 t_us=272428727 field=queue_depth value=0
PR1T v=1 t_us=272428727 field=max_queue_depth value=1
PR1T v=1 t_us=272428727 field=irq_to_spi_us value=6
PR1T v=1 t_us=272428727 field=spi_duration_us value=1246
PR1T v=1 t_us=272428727 field=rx_processing_us value=1248
PR1T v=1 t_us=272428727 field=spi_end_to_rearm_start_us value=138
PR1T v=1 t_us=272428727 field=rx_rearm_us value=423
PR1T v=1 t_us=272428727 field=irq_to_rx_ready_us value=1795
PR1T v=1 t_us=272428727 field=trace_overwrites value=846735
PR1T v=1 t_us=272428727 field=capability_mask value=12
PR1T v=1 t_us=273190504 field=device_state value=2
PR1T v=1 t_us=273190504 field=rssi_dbm value=-50
PR1T v=1 t_us=273190504 field=crc_good value=94322
PR1T v=1 t_us=273190504 field=crc_bad value=36
PR1T v=1 t_us=273190504 field=missing value=179
PR1T v=1 t_us=273190504 field=queue_depth value=0
PR1T v=1 t_us=273190504 field=max_queue_depth value=1
PR1T v=1 t_us=273190504 field=irq_to_spi_us value=12
PR1T v=1 t_us=273190504 field=spi_duration_us value=1246
PR1T v=1 t_us=273190504 field=rx_processing_us value=1248
PR1T v=1 t_us=273190504 field=spi_end_to_rearm_start_us value=138
PR1T v=1 t_us=273190504 field=rx_rearm_us value=422
PR1T v=1 t_us=273190504 field=irq_to_rx_ready_us value=1794
PR1T v=1 t_us=273190504 field=trace_overwrites value=849102
PR1T v=1 t_us=273190504 field=capability_mask value=12
PR1T v=1 t_us=273955135 field=device_state value=2
PR1T v=1 t_us=273955135 field=rssi_dbm value=-50
PR1T v=1 t_us=273955135 field=crc_good value=94586
PR1T v=1 t_us=273955135 field=crc_bad value=36
PR1T v=1 t_us=273955135 field=missing value=180
PR1T v=1 t_us=273955135 field=queue_depth value=0
PR1T v=1 t_us=273955135 field=max_queue_depth value=1
PR1T v=1 t_us=273955135 field=irq_to_spi_us value=13
PR1T v=1 t_us=273955135 field=spi_duration_us value=1251
PR1T v=1 t_us=273955135 field=rx_processing_us value=1253
PR1T v=1 t_us=273955135 field=spi_end_to_rearm_start_us value=137
PR1T v=1 t_us=273955135 field=rx_rearm_us value=417
PR1T v=1 t_us=273955135 field=irq_to_rx_ready_us value=1794
PR1T v=1 t_us=273955135 field=trace_overwrites value=851478
PR1T v=1 t_us=273955135 field=capability_mask value=12
PR1T v=1 t_us=274722552 field=device_state value=2
PR1T v=1 t_us=274722552 field=rssi_dbm value=-50
PR1T v=1 t_us=274722552 field=crc_good value=94851
PR1T v=1 t_us=274722552 field=crc_bad value=36
PR1_HOST_TRUNCATED_LINE PR1T v=1 t_us=274722552 field=missing
PR1_HOST_SERIAL_REOPEN reason=telemetry snapshot truncated mid-line
PR1T v=1 t_us=276320986 field=device_state value=2
PR1T v=1 t_us=276320986 field=rssi_dbm value=-50
PR1T v=1 t_us=276320986 field=crc_good value=95404
PR1T v=1 t_us=276320986 field=crc_bad value=36
PR1T v=1 t_us=276320986 field=missing value=182
PR1T v=1 t_us=276320986 field=queue_depth value=0
PR1T v=1 t_us=276320986 field=max_queue_depth value=1
PR1T v=1 t_us=276320986 field=irq_to_spi_us value=12
PR1T v=1 t_us=276320986 field=spi_duration_us value=1250
PR1T v=1 t_us=276320986 field=rx_processing_us value=1251
PR1T v=1 t_us=276320986 field=spi_end_to_rearm_start_us value=137
PR1T v=1 t_us=276320986 field=rx_rearm_us value=418
PR1T v=1 t_us=276320986 field=irq_to_rx_ready_us value=1794
PR1T v=1 t_us=276320986 field=trace_overwrites value=858840
PR1T v=1 t_us=276320986 field=capability_mask value=12
PR1T v=1 t_us=277082726 field=device_state value=2
PR1T v=1 t_us=277082726 field=rssi_dbm value=-53
PR1T v=1 t_us=277082726 field=crc_good value=95667
PR1T v=1 t_us=277082726 field=crc_bad value=36
PR1T v=1 t_us=277082726 field=missing value=183
PR1T v=1 t_us=277082726 field=queue_depth value=0
PR1T v=1 t_us=277082726 field=max_queue_depth value=1
PR1T v=1 t_us=277082726 field=irq_to_spi_us value=6
PR1T v=1 t_us=277082726 field=spi_duration_us value=1247
PR1T v=1 t_us=277082726 field=rx_processing_us value=1249
PR1T v=1 t_us=277082726 field=spi_end_to_rearm_start_us value=138
PR1T v=1 t_us=277082726 field=rx_rearm_us value=422
PR1T v=1 t_us=277082726 field=irq_to_rx_ready_us value=1795
PR1T v=1 t_us=277082726 field=trace_overwrites value=861207
PR1T v=1 t_us=277082726 field=capability_mask value=12
PR1T v=1 t_us=277844527 field=device_state value=2
PR1T v=1 t_us=277844527 field=rssi_dbm value=-49
PR1T v=1 t_us=277844527 field=crc_good value=95930
PR1T v=1 t_us=277844527 field=crc_bad value=36
PR1T v=1 t_us=277844527 field=missing value=184
PR1T v=1 t_us=277844527 field=queue_depth value=0
PR1T v=1 t_us=277844527 field=max_queue_depth value=1
PR1T v=1 t_us=277844527 field=irq_to_spi_us value=6
PR1T v=1 t_us=277844527 field=spi_duration_us value=1245
PR1T v=1 t_us=277844527 field=rx_processing_us value=1247
PR1T v=1 t_us=277844527 field=spi_end_to_rearm_start_us value=138
PR1T v=1 t_us=277844527 field=rx_rearm_us value=422
PR1T v=1 t_us=277844527 field=irq_to_rx_ready_us value=1792
PR1T v=1 t_us=277844527 field=trace_overwrites value=863574
PR1T v=1 t_us=277844527 field=capability_mask value=12
PR1T v=1 t_us=278606276 field=device_state value=2
PR1T v=1 t_us=278606276 field=rssi_dbm value=-50
PR1T v=1 t_us=278606276 field=crc_good value=96193
PR1T v=1 t_us=278606276 field=crc_bad value=36
PR1T v=1 t_us=278606276 field=missing value=185
PR1T v=1 t_us=278606276 field=queue_depth value=0
PR1T v=1 t_us=278606276 field=max_queue_depth value=1
PR1T v=1 t_us=278606276 field=irq_to_spi_us value=11
PR1T v=1 t_us=278606276 field=spi_duration_us value=1249
PR1T v=1 t_us=278606276 field=rx_processing_us value=1251
PR1T v=1 t_us=278606276 field=spi_end_to_rearm_start_us value=137
PR1T v=1 t_us=278606276 field=rx_rearm_us value=417
PR1T v=1 t_us=278606276 field=irq_to_rx_ready_us value=1793
PR1T v=1 t_us=278606276 field=trace_overwrites value=865941
PR1T v=1 t_us=278606276 field=capability_mask value=12
PR1T v=1 t_us=279368013 field=device_state value=2
PR1T v=1 t_us=279368013 field=rssi_dbm value=-50
PR1T v=1 t_us=279368013 field=crc_good value=96456
PR1T v=1 t_us=279368013 field=crc_bad value=36
PR1T v=1 t_us=279368013 field=missing value=186
PR1T v=1 t_us=279368013 field=queue_depth value=0
PR1T v=1 t_us=279368013 field=max_queue_depth value=1
PR1T v=1 t_us=279368013 field=irq_to_spi_us value=5
PR1T v=1 t_us=279368013 field=spi_duration_us value=1251
PR1T v=1 t_us=279368013 field=rx_processing_us value=1253
PR1T v=1 t_us=279368013 field=spi_end_to_rearm_start_us value=137
PR1T v=1 t_us=279368013 field=rx_rearm_us value=417
PR1T v=1 t_us=279368013 field=irq_to_rx_ready_us value=1798
PR1T v=1 t_us=279368013 field=trace_overwrites value=868308
PR1T v=1 t_us=279368013 field=capability_mask value=12
PR1T v=1 t_us=280130753 field=device_state value=2
PR1T v=1 t_us=280130753 field=rssi_dbm value=-50
PR1T v=1 t_us=280130753 field=crc_good value=96719
PR1T v=1 t_us=280130753 field=crc_bad value=36
PR1T v=1 t_us=280130753 field=missing value=187
PR1T v=1 t_us=280130753 field=queue_depth value=0
PR1T v=1 t_us=280130753 field=max_queue_depth value=1
PR1T v=1 t_us=280130753 field=irq_to_spi_us value=5
PR1T v=1 t_us=280130753 field=spi_duration_us value=1246
PR1T v=1 t_us=280130753 field=rx_processing_us value=1248
PR1T v=1 t_us=280130753 field=spi_end_to_rearm_start_us value=137
PR1T v=1 t_us=280130753 field=rx_rearm_us value=421
PR1T v=1 t_us=280130753 field=irq_to_rx_ready_us value=1793
PR1T v=1 t_us=280130753 field=trace_overwrites value=870675
PR1T v=1 t_us=280130753 field=capability_mask value=12
PR1T v=1 t_us=280891609 field=device_state value=2
PR1T v=1 t_us=280891609 field=rssi_dbm value=-53
PR1T v=1 t_us=280891609 field=crc_good value=96982
PR1T v=1 t_us=280891609 field=crc_bad value=36
PR1T v=1 t_us=280891609 field=missing value=188
PR1T v=1 t_us=280891609 field=queue_depth value=0
PR1T v=1 t_us=280891609 field=max_queue_depth value=1
PR1T v=1 t_us=280891609 field=irq_to_spi_us value=5
PR1T v=1 t_us=280891609 field=spi_duration_us value=1246
PR1T v=1 t_us=280891609 field=rx_processing_us value=1247
PR1T v=1 t_us=280891609 field=spi_end_to_rearm_start_us value=138
PR1T v=1 t_us=280891609 field=rx_rearm_us value=422
PR1T v=1 t_us=280891609 field=irq_to_rx_ready_us value=1793
PR1T v=1 t_us=280891609 field=trace_overwrites value=873042
PR1T v=1 t_us=280891609 field=capability_mask value=12
PR1T v=1 t_us=281650894 field=device_state value=2
PR1T v=1 t_us=281650894 field=rssi_dbm value=-48
PR1T v=1 t_us=281650894 field=crc_good value=97244
PR1T v=1 t_us=281650894 field=crc_bad value=36
PR1T v=1 t_us=281650894 field=missing value=189
PR1T v=1 t_us=281650894 field=queue_depth value=0
PR1T v=1 t_us=281650894 field=max_queue_depth value=1
PR1T v=1 t_us=281650894 field=irq_to_spi_us value=6
PR1T v=1 t_us=281650894 field=spi_duration_us value=1250
PR1T v=1 t_us=281650894 field=rx_processing_us value=1252
PR1T v=1 t_us=281650894 field=spi_end_to_rearm_start_us value=138
PR1T v=1 t_us=281650894 field=rx_rearm_us value=417
PR1T v=1 t_us=281650894 field=irq_to_rx_ready_us value=1795
PR1T v=1 t_us=281650894 field=trace_overwrites value=875400
PR1T v=1 t_us=281650894 field=capability_mask value=12
PR1T v=1 t_us=282415111 field=device_state value=2
PR1T v=1 t_us=282415111 field=rssi_dbm value=-51
PR1T v=1 t_us=282415111 field=crc_good value=97508
PR1T v=1 t_us=282415111 field=crc_bad value=36
PR1T v=1 t_us=282415111 field=missing value=190
PR1T v=1 t_us=282415111 field=queue_depth value=0
PR1T v=1 t_us=282415111 field=max_queue_depth value=1
PR1T v=1 t_us=282415111 field=irq_to_spi_us value=6
PR1T v=1 t_us=282415111 field=spi_duration_us value=1244
PR1T v=1 t_us=282415111 field=rx_processing_us value=1246
PR1T v=1 t_us=282415111 field=spi_end_to_rearm_start_us value=138
PR1T v=1 t_us=282415111 field=rx_rearm_us value=422
PR1T v=1 t_us=282415111 field=irq_to_rx_ready_us value=1793
PR1T v=1 t_us=282415111 field=trace_overwrites value=877776
PR1T v=1 t_us=282415111 field=capability_mask value=12
PR1T v=1 t_us=283176833 field=device_state value=2
PR1T v=1 t_us=283176833 field=rssi_dbm value=-50
PR1T v=1 t_us=283176833 field=crc_good value=97771
PR1T v=1 t_us=283176833 field=crc_bad value=36
PR1T v=1 t_us=283176833 field=missing value=191
PR1T v=1 t_us=283176833 field=queue_depth value=0
PR1T v=1 t_us=283176833 field=max_queue_depth value=1
PR1T v=1 t_us=283176833 field=irq_to_spi_us value=6
PR1T v=1 t_us=283176833 field=spi_duration_us value=1250
PR1T v=1 t_us=283176833 field=rx_processing_us value=1252
PR1T v=1 t_us=283176833 field=spi_end_to_rearm_start_us value=137
PR1T v=1 t_us=283176833 field=rx_rearm_us value=418
PR1T v=1 t_us=283176833 field=irq_to_rx_ready_us value=1794
PR1T v=1 t_us=283176833 field=trace_overwrites value=880143
PR1T v=1 t_us=283176833 field=capability_mask value=12
PR1T v=1 t_us=283939441 field=device_state value=2
PR1T v=1 t_us=283939441 field=rssi_dbm value=-53
PR1T v=1 t_us=283939441 field=crc_good value=98034
PR1T v=1 t_us=283939441 field=crc_bad value=36
PR1T v=1 t_us=283939441 field=missing value=192
PR1T v=1 t_us=283939441 field=queue_depth value=0
PR1T v=1 t_us=283939441 field=max_queue_depth value=1
PR1T v=1 t_us=283939441 field=irq_to_spi_us value=11
PR1T v=1 t_us=283939441 field=spi_duration_us value=1245
PR1T v=1 t_us=283939441 field=rx_processing_us value=1247
PR1T v=1 t_us=283939441 field=spi_end_to_rearm_start_us value=138
PR1T v=1 t_us=283939441 field=rx_rearm_us value=422
PR1T v=1 t_us=283939441 field=irq_to_rx_ready_us value=1794
PR1T v=1 t_us=283939441 field=trace_overwrites value=882510
PR1T v=1 t_us=283939441 field=capability_mask value=12
PR1T v=1 t_us=284701468 field=device_state value=2
PR1T v=1 t_us=284701468 field=rssi_dbm value=-50
PR1T v=1 t_us=284701468 field=crc_good value=98297
PR1T v=1 t_us=284701468 field=crc_bad value=36
PR1T v=1 t_us=284701468 field=missing value=193
PR1T v=1 t_us=284701468 field=queue_depth value=0
PR1T v=1 t_us=284701468 field=max_queue_depth value=1
PR1T v=1 t_us=284701468 field=irq_to_spi_us value=12
PR1T v=1 t_us=284701468 field=spi_duration_us value=1246
PR1T v=1 t_us=284701468 field=rx_processing_us value=1248
PR1T v=1 t_us=284701468 field=spi_end_to_rearm_start_us value=137
PR1T v=1 t_us=284701468 field=rx_rearm_us value=421
PR1T v=1 t_us=284701468 field=irq_to_rx_ready_us value=1795
PR1T v=1 t_us=284701468 field=trace_overwrites value=884877
PR1T v=1 t_us=284701468 field=capability_mask value=12
PR1T v=1 t_us=285462190 field=device_state value=2
PR1T v=1 t_us=285462190 field=rssi_dbm value=-50
PR1T v=1 t_us=285462190 field=crc_good value=98560
PR1T v=1 t_us=285462190 field=crc_bad value=36
PR1T v=1 t_us=285462190 field=missing value=194
PR1T v=1 t_us=285462190 field=queue_depth value=0
PR1T v=1 t_us=285462190 field=max_queue_depth value=1
PR1T v=1 t_us=285462190 field=irq_to_spi_us value=8
PR1T v=1 t_us=285462190 field=spi_duration_us value=1245
PR1T v=1 t_us=285462190 field=rx_processing_us value=1247
PR1T v=1 t_us=285462190 field=spi_end_to_rearm_start_us value=137
PR1T v=1 t_us=285462190 field=rx_rearm_us value=422
PR1T v=1 t_us=285462190 field=irq_to_rx_ready_us value=1794
PR1T v=1 t_us=285462190 field=trace_overwrites value=887244
PR1T v=1 t_us=285462190 field=capability_mask value=12
PR1T v=1 t_us=286221922 field=device_state value=2
PR1T v=1 t_us=286221922 field=rssi_dbm value=-50
PR1T v=1 t_us=286221922 field=crc_good value=98822
PR1T v=1 t_us=286221922 field=crc_bad value=36
PR1T v=1 t_us=286221922 field=missing value=195
PR1T v=1 t_us=286221922 field=queue_depth value=0
PR1T v=1 t_us=286221922 field=max_queue_depth value=1
PR1T v=1 t_us=286221922 field=irq_to_spi_us value=6
PR1T v=1 t_us=286221922 field=spi_duration_us value=1250
PR1T v=1 t_us=286221922 field=rx_processing_us value=1252
PR1T v=1 t_us=286221922 field=spi_end_to_rearm_start_us value=137
PR1T v=1 t_us=286221922 field=rx_rearm_us value=417
PR1T v=1 t_us=286221922 field=irq_to_rx_ready_us value=1794
PR1T v=1 t_us=286221922 field=trace_overwrites value=889602
PR1T v=1 t_us=286221922 field=capability_mask value=12
PR1T v=1 t_us=286983937 field=device_state value=2
PR1T v=1 t_us=286983937 field=rssi_dbm value=-53
PR1T v=1 t_us=286983937 field=crc_good value=99085
PR1T v=1 t_us=286983937 field=crc_bad value=36
PR1T v=1 t_us=286983937 field=missing value=196
PR1T v=1 t_us=286983937 field=queue_depth value=0
PR1T v=1 t_us=286983937 field=max_queue_depth value=1
PR1T v=1 t_us=286983937 field=irq_to_spi_us value=11
PR1T v=1 t_us=286983937 field=spi_duration_us value=1246
PR1T v=1 t_us=286983937 field=rx_processing_us value=1247
PR1T v=1 t_us=286983937 field=spi_end_to_rearm_start_us value=137
PR1T v=1 t_us=286983937 field=rx_rearm_us value=421
PR1T v=1 t_us=286983937 field=irq_to_rx_ready_us value=1794
PR1T v=1 t_us=286983937 field=trace_overwrites value=891969
PR1T v=1 t_us=286983937 field=capability_mask value=12
PR1T v=1 t_us=287744962 field=device_state value=2
PR1T v=1 t_us=287744962 field=rssi_dbm value=-50
PR1T v=1 t_us=287744962 field=crc_good value=99348
PR1T v=1 t_us=287744962 field=crc_bad value=36
PR1T v=1 t_us=287744962 field=missing value=197
PR1T v=1 t_us=287744962 field=queue_depth value=0
PR1T v=1 t_us=287744962 field=max_queue_depth value=1
PR1T v=1 t_us=287744962 field=irq_to_spi_us value=5
PR1T v=1 t_us=287744962 field=spi_duration_us value=1246
PR1T v=1 t_us=287744962 field=rx_processing_us value=1247
PR1T v=1 t_us=287744962 field=spi_end_to_rearm_start_us value=138
PR1T v=1 t_us=287744962 field=rx_rearm_us value=422
PR1T v=1 t_us=287744962 field=irq_to_rx_ready_us value=1793
PR1T v=1 t_us=287744962 field=trace_overwrites value=894336
PR1T v=1 t_us=287744962 field=capability_mask value=12
PR1T v=1 t_us=288507094 field=device_state value=2
PR1T v=1 t_us=288507094 field=rssi_dbm value=-50
PR1T v=1 t_us=288507094 field=crc_good value=99611
PR1T v=1 t_us=288507094 field=crc_bad value=36
PR1T v=1 t_us=288507094 field=missing value=198
PR1T v=1 t_us=288507094 field=queue_depth value=0
PR1T v=1 t_us=288507094 field=max_queue_depth value=1
PR1T v=1 t_us=288507094 field=irq_to_spi_us value=11
PR1T v=1 t_us=288507094 field=spi_duration_us value=1247
PR1T v=1 t_us=288507094 field=rx_processing_us value=1249
PR1T v=1 t_us=288507094 field=spi_end_to_rearm_start_us value=138
PR1T v=1 t_us=288507094 field=rx_rearm_us value=422
PR1T v=1 t_us=288507094 field=irq_to_rx_ready_us value=1794
PR1T v=1 t_us=288507094 field=trace_overwrites value=896703
PR1T v=1 t_us=288507094 field=capability_mask value=12
PR1T v=1 t_us=289270835 field=device_state value=2
PR1T v=1 t_us=289270835 field=rssi_dbm value=-50
PR1T v=1 t_us=289270835 field=crc_good value=99875
PR1T v=1 t_us=289270835 field=crc_bad value=36
PR1T v=1 t_us=289270835 field=missing value=199
PR1T v=1 t_us=289270835 field=queue_depth value=0
PR1T v=1 t_us=289270835 field=max_queue_depth value=1
PR1T v=1 t_us=289270835 field=irq_to_spi_us value=11
PR1T v=1 t_us=289270835 field=spi_duration_us value=1247
PR1T v=1 t_us=289270835 field=rx_processing_us value=1248
PR1T v=1 t_us=289270835 field=spi_end_to_rearm_start_us value=137
PR1T v=1 t_us=289270835 field=rx_rearm_us value=421
PR1T v=1 t_us=289270835 field=irq_to_rx_ready_us value=1794
PR1T v=1 t_us=289270835 field=trace_overwrites value=899079
PR1T v=1 t_us=289270835 field=capability_mask value=12
PR1T v=1 t_us=289782013 field=device_state value=2
PR1T v=1 t_us=289782013 field=rssi_dbm value=-50
PR1T v=1 t_us=289782013 field=crc_good value=100051
PR1T v=1 t_us=289782013 field=crc_bad value=36
PR1T v=1 t_us=289782013 field=missing value=200
PR1T v=1 t_us=289782013 field=queue_depth value=0
PR1T v=1 t_us=289782013 field=max_queue_depth value=1
PR1T v=1 t_us=289782013 field=irq_to_spi_us value=6
PR1T v=1 t_us=289782013 field=spi_duration_us value=1246
PR1T v=1 t_us=289782013 field=rx_processing_us value=1248
PR1T v=1 t_us=289782013 field=spi_end_to_rearm_start_us value=137
PR1T v=1 t_us=289782013 field=rx_rearm_us value=421
PR1T v=1 t_us=289782013 field=irq_to_rx_ready_us value=1796
PR1T v=1 t_us=289782013 field=trace_overwrites value=900663
PR1T v=1 t_us=289782013 field=capability_mask value=12
