ESP-ROM:esp32s3-20210327
Build:Mar 27 2021
rst:0x15 (USB_UART_CHIP_RESET),boot:0x38 (SPI_FAST_FLASH_BOOT)
Saved PC:0x420299ea
SPIWP:0xee
mode:DIO, clock div:1
load:0x3fce3808,len:0x44c
load:0x403c9700,len:0xbd8
load:0x403cc700,len:0x2a80
entry 0x403c98d0
PR1_RUNTIME_BOOT
runtime_profile=phase1-fixed-flrc-rx
runtime_role=rx
board_family=LILYGO T3-S3-MVSRBoard
board_reference_revision=V1.1 upstream reference
radio_target=SX1280
upstream_reference_commit=840a2e788b3192c4e9bddf0640c1ecaf703c2598
hardware_verified=0
protocol_version=1
protocol_header_bytes=16
rf_enabled=1
sx1280_spi_hz=2000000
sx1280_cs=7
sx1280_rst=8
sx1280_sclk=5
sx1280_mosi=6
sx1280_miso=3
sx1280_dio1=9
sx1280_busy=36
sx1280_tx_enable=10
sx1280_rx_enable=21
oled_role_label=RX
oled_i2c_addr=0x3c
PR1_FIXED_FLRC_PROFILE
frequency_mhz=2404.000
bitrate_kbps=1300
coding_rate=3
output_dbm=0
tx_gap_us=5000
packet_bytes=116
adaptive_layers=off
PR1_RUNTIME_LIVE_READY
PR1T v=1 t_us=60620371 field=device_state value=2
PR1T v=1 t_us=60620371 field=rssi_dbm value=-53
PR1T v=1 t_us=60620371 field=crc_good value=20042
PR1T v=1 t_us=60620371 field=crc_bad value=664
PR1T v=1 t_us=60620371 field=missing value=827
PR1T v=1 t_us=60620371 field=queue_depth value=0
PR1T v=1 t_us=60620371 field=max_queue_depth value=1
PR1T v=1 t_us=60620371 field=irq_to_spi_us value=6
PR1T v=1 t_us=60620371 field=spi_duration_us value=1243
PR1T v=1 t_us=60620371 field=rx_processing_us value=1245
PR1T v=1 t_us=60620371 field=spi_end_to_rearm_start_us value=135
PR1T v=1 t_us=60620371 field=rx_rearm_us value=417
PR1T v=1 t_us=60620371 field=irq_to_rx_ready_us value=1787
PR1T v=1 t_us=60620371 field=trace_overwrites value=186250
PR1T v=1 t_us=60620371 field=capability_mask value=12
PR1T v=1 t_us=120617033 field=device_state value=2
PR1T v=1 t_us=120617033 field=rssi_dbm value=-54
PR1T v=1 t_us=120617033 field=crc_good value=39424
PR1T v=1 t_us=120617033 field=crc_bad value=1983
PR1T v=1 t_us=120617033 field=missing value=2313
PR1T v=1 t_us=120617033 field=queue_depth value=0
PR1T v=1 t_us=120617033 field=max_queue_depth value=1
PR1T v=1 t_us=120617033 field=irq_to_spi_us value=6
PR1T v=1 t_us=120617033 field=spi_duration_us value=1247
PR1T v=1 t_us=120617033 field=rx_processing_us value=1248
PR1T v=1 t_us=120617033 field=spi_end_to_rearm_start_us value=136
PR1T v=1 t_us=120617033 field=rx_rearm_us value=417
PR1T v=1 t_us=120617033 field=irq_to_rx_ready_us value=1788
PR1T v=1 t_us=120617033 field=trace_overwrites value=372575
PR1T v=1 t_us=120617033 field=capability_mask value=12
PR1T v=1 t_us=180615053 field=device_state value=2
PR1T v=1 t_us=180615053 field=rssi_dbm value=-53
PR1T v=1 t_us=180615053 field=crc_good value=58462
PR1T v=1 t_us=180615053 field=crc_bad value=3650
PR1T v=1 t_us=180615053 field=missing value=4144
PR1T v=1 t_us=180615053 field=queue_depth value=0
PR1T v=1 t_us=180615053 field=max_queue_depth value=1
PR1T v=1 t_us=180615053 field=irq_to_spi_us value=12
PR1T v=1 t_us=180615053 field=spi_duration_us value=1242
PR1T v=1 t_us=180615053 field=rx_processing_us value=1244
PR1T v=1 t_us=180615053 field=spi_end_to_rearm_start_us value=136
PR1T v=1 t_us=180615053 field=rx_rearm_us value=415
PR1T v=1 t_us=180615053 field=irq_to_rx_ready_us value=1784
PR1T v=1 t_us=180615053 field=trace_overwrites value=558952
PR1T v=1 t_us=180615053 field=capability_mask value=12
PR1T v=1 t_us=240613835 field=device_state value=2
PR1T v=1 t_us=240613835 field=rssi_dbm value=-53
PR1T v=1 t_us=240613835 field=crc_good value=77636
PR1T v=1 t_us=240613835 field=crc_bad value=5200
PR1T v=1 t_us=240613835 field=missing value=5839
PR1T v=1 t_us=240613835 field=queue_depth value=0
PR1T v=1 t_us=240613835 field=max_queue_depth value=1
PR1T v=1 t_us=240613835 field=irq_to_spi_us value=6
PR1T v=1 t_us=240613835 field=spi_duration_us value=1250
PR1T v=1 t_us=240613835 field=rx_processing_us value=1251
PR1T v=1 t_us=240613835 field=spi_end_to_rearm_start_us value=136
PR1T v=1 t_us=240613835 field=rx_rearm_us value=414
PR1T v=1 t_us=240613835 field=irq_to_rx_ready_us value=1788
PR1T v=1 t_us=240613835 field=trace_overwrites value=745492
PR1T v=1 t_us=240613835 field=capability_mask value=12
PR1T v=1 t_us=300607297 field=device_state value=2
PR1T v=1 t_us=300607297 field=rssi_dbm value=-53
PR1T v=1 t_us=300607297 field=crc_good value=96619
PR1T v=1 t_us=300607297 field=crc_bad value=6937
PR1T v=1 t_us=300607297 field=missing value=7722
PR1T v=1 t_us=300607297 field=queue_depth value=0
PR1T v=1 t_us=300607297 field=max_queue_depth value=1
PR1T v=1 t_us=300607297 field=irq_to_spi_us value=6
PR1T v=1 t_us=300607297 field=spi_duration_us value=1245
PR1T v=1 t_us=300607297 field=rx_processing_us value=1246
PR1T v=1 t_us=300607297 field=spi_end_to_rearm_start_us value=135
PR1T v=1 t_us=300607297 field=rx_rearm_us value=417
PR1T v=1 t_us=300607297 field=irq_to_rx_ready_us value=1790
PR1T v=1 t_us=300607297 field=trace_overwrites value=931996
PR1T v=1 t_us=300607297 field=capability_mask value=12
PR1T v=1 t_us=360617497 field=device_state value=2
PR1T v=1 t_us=360617497 field=rssi_dbm value=-53
PR1T v=1 t_us=360617497 field=crc_good value=115177
PR1T v=1 t_us=360617497 field=crc_bad value=9125
PR1T v=1 t_us=360617497 field=missing value=10038
PR1T v=1 t_us=360617497 field=queue_depth value=0
PR1T v=1 t_us=360617497 field=max_queue_depth value=1
PR1T v=1 t_us=360617497 field=irq_to_spi_us value=5
PR1T v=1 t_us=360617497 field=spi_duration_us value=1246
PR1T v=1 t_us=360617497 field=rx_processing_us value=1248
PR1T v=1 t_us=360617497 field=spi_end_to_rearm_start_us value=135
PR1T v=1 t_us=360617497 field=rx_rearm_us value=417
PR1T v=1 t_us=360617497 field=irq_to_rx_ready_us value=1786
PR1T v=1 t_us=360617497 field=trace_overwrites value=1118710
PR1T v=1 t_us=360617497 field=capability_mask value=12
PR1T v=1 t_us=420616323 field=device_state value=2
PR1T v=1 t_us=420616323 field=rssi_dbm value=-53
PR1T v=1 t_us=420616323 field=crc_good value=133563
PR1T v=1 t_us=420616323 field=crc_bad value=11449
PR1T v=1 t_us=420616323 field=missing value=12521
PR1T v=1 t_us=420616323 field=queue_depth value=0
PR1T v=1 t_us=420616323 field=max_queue_depth value=1
PR1T v=1 t_us=420616323 field=irq_to_spi_us value=6
PR1T v=1 t_us=420616323 field=spi_duration_us value=1244
PR1T v=1 t_us=420616323 field=rx_processing_us value=1246
PR1T v=1 t_us=420616323 field=spi_end_to_rearm_start_us value=137
PR1T v=1 t_us=420616323 field=rx_rearm_us value=416
PR1T v=1 t_us=420616323 field=irq_to_rx_ready_us value=1788
PR1T v=1 t_us=420616323 field=trace_overwrites value=1305108
PR1T v=1 t_us=420616323 field=capability_mask value=12
PR1T v=1 t_us=480601237 field=device_state value=2
PR1T v=1 t_us=480601237 field=rssi_dbm value=-53
PR1T v=1 t_us=480601237 field=crc_good value=151562
PR1T v=1 t_us=480601237 field=crc_bad value=14150
PR1T v=1 t_us=480601237 field=missing value=15385
PR1T v=1 t_us=480601237 field=queue_depth value=0
PR1T v=1 t_us=480601237 field=max_queue_depth value=1
PR1T v=1 t_us=480601237 field=irq_to_spi_us value=6
PR1T v=1 t_us=480601237 field=spi_duration_us value=1246
PR1T v=1 t_us=480601237 field=rx_processing_us value=1248
PR1T v=1 t_us=480601237 field=spi_end_to_rearm_start_us value=136
PR1T v=1 t_us=480601237 field=rx_rearm_us value=416
PR1T v=1 t_us=480601237 field=irq_to_rx_ready_us value=1790
PR1T v=1 t_us=480601237 field=trace_overwrites value=1491424
PR1T v=1 t_us=480601237 field=capability_mask value=12
PR1T v=1 t_us=540600767 field=device_state value=2
PR1T v=1 t_us=540600767 field=rssi_dbm value=-54
PR1T v=1 t_us=540600767 field=crc_good value=169116
PR1T v=1 t_us=540600767 field=crc_bad value=17296
PR1T v=1 t_us=540600767 field=missing value=18700
PR1T v=1 t_us=540600767 field=queue_depth value=0
PR1T v=1 t_us=540600767 field=max_queue_depth value=1
PR1T v=1 t_us=540600767 field=irq_to_spi_us value=6
PR1T v=1 t_us=540600767 field=spi_duration_us value=1245
PR1T v=1 t_us=540600767 field=rx_processing_us value=1247
PR1T v=1 t_us=540600767 field=spi_end_to_rearm_start_us value=136
PR1T v=1 t_us=540600767 field=rx_rearm_us value=417
PR1T v=1 t_us=540600767 field=irq_to_rx_ready_us value=1789
PR1T v=1 t_us=540600767 field=trace_overwrites value=1677732
PR1T v=1 t_us=540600767 field=capability_mask value=12
PR1T v=1 t_us=600610184 field=device_state value=2
PR1T v=1 t_us=600610184 field=rssi_dbm value=-53
PR1T v=1 t_us=600610184 field=crc_good value=187208
PR1T v=1 t_us=600610184 field=crc_bad value=19922
PR1T v=1 t_us=600610184 field=missing value=21482
PR1T v=1 t_us=600610184 field=queue_depth value=0
PR1T v=1 t_us=600610184 field=max_queue_depth value=1
PR1T v=1 t_us=600610184 field=irq_to_spi_us value=6
PR1T v=1 t_us=600610184 field=spi_duration_us value=1245
PR1T v=1 t_us=600610184 field=rx_processing_us value=1246
PR1T v=1 t_us=600610184 field=spi_end_to_rearm_start_us value=136
PR1T v=1 t_us=600610184 field=rx_rearm_us value=416
PR1T v=1 t_us=600610184 field=irq_to_rx_ready_us value=1787
PR1T v=1 t_us=600610184 field=trace_overwrites value=1864202
PR1T v=1 t_us=600610184 field=capability_mask value=12
PR1T v=1 t_us=660603567 field=device_state value=2
PR1T v=1 t_us=660603567 field=rssi_dbm value=-53
PR1T v=1 t_us=660603567 field=crc_good value=205512
PR1T v=1 t_us=660603567 field=crc_bad value=22319
PR1T v=1 t_us=660603567 field=missing value=24045
PR1T v=1 t_us=660603567 field=queue_depth value=0
PR1T v=1 t_us=660603567 field=max_queue_depth value=1
PR1T v=1 t_us=660603567 field=irq_to_spi_us value=13
PR1T v=1 t_us=660603567 field=spi_duration_us value=1246
PR1T v=1 t_us=660603567 field=rx_processing_us value=1248
PR1T v=1 t_us=660603567 field=spi_end_to_rearm_start_us value=136
PR1T v=1 t_us=660603567 field=rx_rearm_us value=417
PR1T v=1 t_us=660603567 field=irq_to_rx_ready_us value=1786
PR1T v=1 t_us=660603567 field=trace_overwrites value=2050519
PR1T v=1 t_us=660603567 field=capability_mask value=12
PR1T v=1 t_us=720599353 field=device_state value=2
PR1T v=1 t_us=720599353 field=rssi_dbm value=-53
PR1T v=1 t_us=720599353 field=crc_good value=223697
PR1T v=1 t_us=720599353 field=crc_bad value=24848
PR1T v=1 t_us=720599353 field=missing value=26728
PR1T v=1 t_us=720599353 field=queue_depth value=0
PR1T v=1 t_us=720599353 field=max_queue_depth value=1
PR1T v=1 t_us=720599353 field=irq_to_spi_us value=6
PR1T v=1 t_us=720599353 field=spi_duration_us value=1245
PR1T v=1 t_us=720599353 field=rx_processing_us value=1247
PR1T v=1 t_us=720599353 field=spi_end_to_rearm_start_us value=136
PR1T v=1 t_us=720599353 field=rx_rearm_us value=417
PR1T v=1 t_us=720599353 field=irq_to_rx_ready_us value=1789
PR1T v=1 t_us=720599353 field=trace_overwrites value=2236961
PR1T v=1 t_us=720599353 field=capability_mask value=12
PR1T v=1 t_us=780610368 field=device_state value=2
PR1T v=1 t_us=780610368 field=rssi_dbm value=-53
PR1T v=1 t_us=780610368 field=crc_good value=241974
PR1T v=1 t_us=780610368 field=crc_bad value=27260
PR1T v=1 t_us=780610368 field=missing value=29324
PR1T v=1 t_us=780610368 field=queue_depth value=0
PR1T v=1 t_us=780610368 field=max_queue_depth value=1
PR1T v=1 t_us=780610368 field=irq_to_spi_us value=5
PR1T v=1 t_us=780610368 field=spi_duration_us value=1244
PR1T v=1 t_us=780610368 field=rx_processing_us value=1245
PR1T v=1 t_us=780610368 field=spi_end_to_rearm_start_us value=135
PR1T v=1 t_us=780610368 field=rx_rearm_us value=412
PR1T v=1 t_us=780610368 field=irq_to_rx_ready_us value=1787
PR1T v=1 t_us=780610368 field=trace_overwrites value=2423170
PR1T v=1 t_us=780610368 field=capability_mask value=12
PR1T v=1 t_us=840597374 field=device_state value=2
PR1T v=1 t_us=840597374 field=rssi_dbm value=-53
PR1T v=1 t_us=840597374 field=crc_good value=260305
PR1T v=1 t_us=840597374 field=crc_bad value=29627
PR1T v=1 t_us=840597374 field=missing value=31858
PR1T v=1 t_us=840597374 field=queue_depth value=0
PR1T v=1 t_us=840597374 field=max_queue_depth value=1
PR1T v=1 t_us=840597374 field=irq_to_spi_us value=6
PR1T v=1 t_us=840597374 field=spi_duration_us value=1247
PR1T v=1 t_us=840597374 field=rx_processing_us value=1249
PR1T v=1 t_us=840597374 field=spi_end_to_rearm_start_us value=136
PR1T v=1 t_us=840597374 field=rx_rearm_us value=416
PR1T v=1 t_us=840597374 field=irq_to_rx_ready_us value=1790
PR1T v=1 t_us=840597374 field=trace_overwrites value=2609460
PR1T v=1 t_us=840597374 field=capability_mask value=12
PR1T v=1 t_us=900607607 field=device_state value=2
PR1T v=1 t_us=900607607 field=rssi_dbm value=-54
PR1T v=1 t_us=900607607 field=crc_good value=278124
PR1T v=1 t_us=900607607 field=crc_bad value=32519
PR1T v=1 t_us=900607607 field=missing value=34912
PR1T v=1 t_us=900607607 field=queue_depth value=0
PR1T v=1 t_us=900607607 field=max_queue_depth value=1
PR1T v=1 t_us=900607607 field=irq_to_spi_us value=6
PR1T v=1 t_us=900607607 field=spi_duration_us value=1247
PR1T v=1 t_us=900607607 field=rx_processing_us value=1249
PR1T v=1 t_us=900607607 field=spi_end_to_rearm_start_us value=135
PR1T v=1 t_us=900607607 field=rx_rearm_us value=417
PR1T v=1 t_us=900607607 field=irq_to_rx_ready_us value=1789
PR1T v=1 t_us=900607607 field=trace_overwrites value=2795875
PR1T v=1 t_us=900607607 field=capability_mask value=12
PR1T v=1 t_us=960603580 field=device_state value=2
PR1T v=1 t_us=960603580 field=rssi_dbm value=-53
PR1T v=1 t_us=960603580 field=crc_good value=295701
PR1T v=1 t_us=960603580 field=crc_bad value=35673
PR1T v=1 t_us=960603580 field=missing value=38203
PR1T v=1 t_us=960603580 field=queue_depth value=0
PR1T v=1 t_us=960603580 field=max_queue_depth value=1
PR1T v=1 t_us=960603580 field=irq_to_spi_us value=6
PR1T v=1 t_us=960603580 field=spi_duration_us value=1246
PR1T v=1 t_us=960603580 field=rx_processing_us value=1247
PR1T v=1 t_us=960603580 field=spi_end_to_rearm_start_us value=136
PR1T v=1 t_us=960603580 field=rx_rearm_us value=414
PR1T v=1 t_us=960603580 field=irq_to_rx_ready_us value=1788
PR1T v=1 t_us=960603580 field=trace_overwrites value=2982454
PR1T v=1 t_us=960603580 field=capability_mask value=12
PR1T v=1 t_us=1020602595 field=device_state value=2
PR1T v=1 t_us=1020602595 field=rssi_dbm value=-53
PR1T v=1 t_us=1020602595 field=crc_good value=313152
PR1T v=1 t_us=1020602595 field=crc_bad value=38938
PR1T v=1 t_us=1020602595 field=missing value=41621
PR1T v=1 t_us=1020602595 field=queue_depth value=0
PR1T v=1 t_us=1020602595 field=max_queue_depth value=1
PR1T v=1 t_us=1020602595 field=irq_to_spi_us value=6
PR1T v=1 t_us=1020602595 field=spi_duration_us value=1244
PR1T v=1 t_us=1020602595 field=rx_processing_us value=1247
PR1T v=1 t_us=1020602595 field=spi_end_to_rearm_start_us value=137
PR1T v=1 t_us=1020602595 field=rx_rearm_us value=416
PR1T v=1 t_us=1020602595 field=irq_to_rx_ready_us value=1788
PR1T v=1 t_us=1020602595 field=trace_overwrites value=3168906
PR1T v=1 t_us=1020602595 field=capability_mask value=12
PR1T v=1 t_us=1080602234 field=device_state value=2
PR1T v=1 t_us=1080602234 field=rssi_dbm value=-53
PR1T v=1 t_us=1080602234 field=crc_good value=330121
PR1T v=1 t_us=1080602234 field=crc_bad value=42664
PR1T v=1 t_us=1080602234 field=missing value=45520
PR1T v=1 t_us=1080602234 field=queue_depth value=0
PR1T v=1 t_us=1080602234 field=max_queue_depth value=1
PR1T v=1 t_us=1080602234 field=irq_to_spi_us value=6
PR1T v=1 t_us=1080602234 field=spi_duration_us value=1246
PR1T v=1 t_us=1080602234 field=rx_processing_us value=1248
PR1T v=1 t_us=1080602234 field=spi_end_to_rearm_start_us value=136
PR1T v=1 t_us=1080602234 field=rx_rearm_us value=417
PR1T v=1 t_us=1080602234 field=irq_to_rx_ready_us value=1787
PR1T v=1 t_us=1080602234 field=trace_overwrites value=3355161
PR1T v=1 t_us=1080602234 field=capability_mask value=12
PR1T v=1 t_us=1140600430 field=device_state value=2
PR1T v=1 t_us=1140600430 field=rssi_dbm value=-53
PR1T v=1 t_us=1140600430 field=crc_good value=346407
PR1T v=1 t_us=1140600430 field=crc_bad value=47095
PR1T v=1 t_us=1140600430 field=missing value=50104
PR1T v=1 t_us=1140600430 field=queue_depth value=0
PR1T v=1 t_us=1140600430 field=max_queue_depth value=1
PR1T v=1 t_us=1140600430 field=irq_to_spi_us value=6
PR1T v=1 t_us=1140600430 field=spi_duration_us value=1245
PR1T v=1 t_us=1140600430 field=rx_processing_us value=1245
PR1T v=1 t_us=1140600430 field=spi_end_to_rearm_start_us value=135
PR1T v=1 t_us=1140600430 field=rx_rearm_us value=417
PR1T v=1 t_us=1140600430 field=irq_to_rx_ready_us value=1786
PR1T v=1 t_us=1140600430 field=trace_overwrites value=3541622
PR1T v=1 t_us=1140600430 field=capability_mask value=12
PR1T v=1 t_us=1200599411 field=device_state value=2
PR1T v=1 t_us=1200599411 field=rssi_dbm value=-54
PR1T v=1 t_us=1200599411 field=crc_good value=363336
PR1T v=1 t_us=1200599411 field=crc_bad value=50903
PR1T v=1 t_us=1200599411 field=missing value=54044
PR1T v=1 t_us=1200599411 field=queue_depth value=0
PR1T v=1 t_us=1200599411 field=max_queue_depth value=1
PR1T v=1 t_us=1200599411 field=irq_to_spi_us value=6
PR1T v=1 t_us=1200599411 field=spi_duration_us value=1245
PR1T v=1 t_us=1200599411 field=rx_processing_us value=1246
PR1T v=1 t_us=1200599411 field=spi_end_to_rearm_start_us value=135
PR1T v=1 t_us=1200599411 field=rx_rearm_us value=417
PR1T v=1 t_us=1200599411 field=irq_to_rx_ready_us value=1787
PR1T v=1 t_us=1200599411 field=trace_overwrites value=3728263
PR1T v=1 t_us=1200599411 field=capability_mask value=12
PR1T v=1 t_us=1260598386 field=device_state value=2
PR1T v=1 t_us=1260598386 field=rssi_dbm value=-53
PR1T v=1 t_us=1260598386 field=crc_good value=379974
PR1T v=1 t_us=1260598386 field=crc_bad value=54953
PR1T v=1 t_us=1260598386 field=missing value=58275
PR1T v=1 t_us=1260598386 field=queue_depth value=0
PR1T v=1 t_us=1260598386 field=max_queue_depth value=1
PR1T v=1 t_us=1260598386 field=irq_to_spi_us value=6
PR1T v=1 t_us=1260598386 field=spi_duration_us value=1246
PR1T v=1 t_us=1260598386 field=rx_processing_us value=1248
PR1T v=1 t_us=1260598386 field=spi_end_to_rearm_start_us value=135
PR1T v=1 t_us=1260598386 field=rx_rearm_us value=417
PR1T v=1 t_us=1260598386 field=irq_to_rx_ready_us value=1789
PR1T v=1 t_us=1260598386 field=trace_overwrites value=3914479
PR1T v=1 t_us=1260598386 field=capability_mask value=12
PR1T v=1 t_us=1320594552 field=device_state value=2
PR1T v=1 t_us=1320594552 field=rssi_dbm value=-54
PR1T v=1 t_us=1320594552 field=crc_good value=395907
PR1T v=1 t_us=1320594552 field=crc_bad value=59718
PR1T v=1 t_us=1320594552 field=missing value=63210
PR1T v=1 t_us=1320594552 field=queue_depth value=0
PR1T v=1 t_us=1320594552 field=max_queue_depth value=1
PR1T v=1 t_us=1320594552 field=irq_to_spi_us value=5
PR1T v=1 t_us=1320594552 field=spi_duration_us value=1246
PR1T v=1 t_us=1320594552 field=rx_processing_us value=1248
PR1T v=1 t_us=1320594552 field=spi_end_to_rearm_start_us value=135
PR1T v=1 t_us=1320594552 field=rx_rearm_us value=417
PR1T v=1 t_us=1320594552 field=irq_to_rx_ready_us value=1788
PR1T v=1 t_us=1320594552 field=trace_overwrites value=4100769
PR1T v=1 t_us=1320594552 field=capability_mask value=12
PR1T v=1 t_us=1380590354 field=device_state value=2
PR1T v=1 t_us=1380590354 field=rssi_dbm value=-54
PR1T v=1 t_us=1380590354 field=crc_good value=412187
PR1T v=1 t_us=1380590354 field=crc_bad value=64170
PR1T v=1 t_us=1380590354 field=missing value=67798
PR1T v=1 t_us=1380590354 field=queue_depth value=0
PR1T v=1 t_us=1380590354 field=max_queue_depth value=1
PR1T v=1 t_us=1380590354 field=irq_to_spi_us value=6
PR1T v=1 t_us=1380590354 field=spi_duration_us value=1247
PR1T v=1 t_us=1380590354 field=rx_processing_us value=1248
PR1T v=1 t_us=1380590354 field=spi_end_to_rearm_start_us value=136
PR1T v=1 t_us=1380590354 field=rx_rearm_us value=420
PR1T v=1 t_us=1380590354 field=irq_to_rx_ready_us value=1789
PR1T v=1 t_us=1380590354 field=trace_overwrites value=4287381
PR1T v=1 t_us=1380590354 field=capability_mask value=12
PR1T v=1 t_us=1440586475 field=device_state value=2
PR1T v=1 t_us=1440586475 field=rssi_dbm value=-53
PR1T v=1 t_us=1440586475 field=crc_good value=427965
PR1T v=1 t_us=1440586475 field=crc_bad value=69094
PR1T v=1 t_us=1440586475 field=missing value=72888
PR1T v=1 t_us=1440586475 field=queue_depth value=0
PR1T v=1 t_us=1440586475 field=max_queue_depth value=1
PR1T v=1 t_us=1440586475 field=irq_to_spi_us value=6
PR1T v=1 t_us=1440586475 field=spi_duration_us value=1245
PR1T v=1 t_us=1440586475 field=rx_processing_us value=1247
PR1T v=1 t_us=1440586475 field=spi_end_to_rearm_start_us value=136
PR1T v=1 t_us=1440586475 field=rx_rearm_us value=416
PR1T v=1 t_us=1440586475 field=irq_to_rx_ready_us value=1791
PR1T v=1 t_us=1440586475 field=trace_overwrites value=4473707
PR1T v=1 t_us=1440586475 field=capability_mask value=12
PR1T v=1 t_us=1500596899 field=device_state value=2
PR1T v=1 t_us=1500596899 field=rssi_dbm value=-53
PR1T v=1 t_us=1500596899 field=crc_good value=443137
PR1T v=1 t_us=1500596899 field=crc_bad value=74669
PR1T v=1 t_us=1500596899 field=missing value=78589
PR1T v=1 t_us=1500596899 field=queue_depth value=0
PR1T v=1 t_us=1500596899 field=max_queue_depth value=1
PR1T v=1 t_us=1500596899 field=irq_to_spi_us value=6
PR1T v=1 t_us=1500596899 field=spi_duration_us value=1242
PR1T v=1 t_us=1500596899 field=rx_processing_us value=1246
PR1T v=1 t_us=1500596899 field=spi_end_to_rearm_start_us value=135
PR1T v=1 t_us=1500596899 field=rx_rearm_us value=415
PR1T v=1 t_us=1500596899 field=irq_to_rx_ready_us value=1786
PR1T v=1 t_us=1500596899 field=trace_overwrites value=4660430
PR1T v=1 t_us=1500596899 field=capability_mask value=12
PR1T v=1 t_us=1560592904 field=device_state value=2
PR1T v=1 t_us=1560592904 field=rssi_dbm value=-53
PR1T v=1 t_us=1560592904 field=crc_good value=458501
PR1T v=1 t_us=1560592904 field=crc_bad value=79994
PR1T v=1 t_us=1560592904 field=missing value=84093
PR1T v=1 t_us=1560592904 field=queue_depth value=0
PR1T v=1 t_us=1560592904 field=max_queue_depth value=1
PR1T v=1 t_us=1560592904 field=irq_to_spi_us value=6
PR1T v=1 t_us=1560592904 field=spi_duration_us value=1244
PR1T v=1 t_us=1560592904 field=rx_processing_us value=1246
PR1T v=1 t_us=1560592904 field=spi_end_to_rearm_start_us value=135
PR1T v=1 t_us=1560592904 field=rx_rearm_us value=417
PR1T v=1 t_us=1560592904 field=irq_to_rx_ready_us value=1788
PR1T v=1 t_us=1560592904 field=trace_overwrites value=4846655
PR1T v=1 t_us=1560592904 field=capability_mask value=12
PR1T v=1 t_us=1620589500 field=device_state value=2
PR1T v=1 t_us=1620589500 field=rssi_dbm value=-53
PR1T v=1 t_us=1620589500 field=crc_good value=473765
PR1T v=1 t_us=1620589500 field=crc_bad value=85430
PR1T v=1 t_us=1620589500 field=missing value=89696
PR1T v=1 t_us=1620589500 field=queue_depth value=0
PR1T v=1 t_us=1620589500 field=max_queue_depth value=1
PR1T v=1 t_us=1620589500 field=irq_to_spi_us value=5
PR1T v=1 t_us=1620589500 field=spi_duration_us value=1245
PR1T v=1 t_us=1620589500 field=rx_processing_us value=1247
PR1T v=1 t_us=1620589500 field=spi_end_to_rearm_start_us value=135
PR1T v=1 t_us=1620589500 field=rx_rearm_us value=417
PR1T v=1 t_us=1620589500 field=irq_to_rx_ready_us value=1787
PR1T v=1 t_us=1620589500 field=trace_overwrites value=5032971
PR1T v=1 t_us=1620589500 field=capability_mask value=12
PR1T v=1 t_us=1680583206 field=device_state value=2
PR1T v=1 t_us=1680583206 field=rssi_dbm value=-54
PR1T v=1 t_us=1680583206 field=crc_good value=488922
PR1T v=1 t_us=1680583206 field=crc_bad value=90963
PR1T v=1 t_us=1680583206 field=missing value=95407
PR1T v=1 t_us=1680583206 field=queue_depth value=0
PR1T v=1 t_us=1680583206 field=max_queue_depth value=1
PR1T v=1 t_us=1680583206 field=irq_to_spi_us value=12
PR1T v=1 t_us=1680583206 field=spi_duration_us value=1245
PR1T v=1 t_us=1680583206 field=rx_processing_us value=1245
PR1T v=1 t_us=1680583206 field=spi_end_to_rearm_start_us value=137
PR1T v=1 t_us=1680583206 field=rx_rearm_us value=416
PR1T v=1 t_us=1680583206 field=irq_to_rx_ready_us value=1784
PR1T v=1 t_us=1680583206 field=trace_overwrites value=5219197
PR1T v=1 t_us=1680583206 field=capability_mask value=12
PR1T v=1 t_us=1740593256 field=device_state value=2
PR1T v=1 t_us=1740593256 field=rssi_dbm value=-53
PR1T v=1 t_us=1740593256 field=crc_good value=504786
PR1T v=1 t_us=1740593256 field=crc_bad value=95802
PR1T v=1 t_us=1740593256 field=missing value=100416
PR1T v=1 t_us=1740593256 field=queue_depth value=0
PR1T v=1 t_us=1740593256 field=max_queue_depth value=1
PR1T v=1 t_us=1740593256 field=irq_to_spi_us value=12
PR1T v=1 t_us=1740593256 field=spi_duration_us value=1245
PR1T v=1 t_us=1740593256 field=rx_processing_us value=1247
PR1T v=1 t_us=1740593256 field=spi_end_to_rearm_start_us value=136
PR1T v=1 t_us=1740593256 field=rx_rearm_us value=416
PR1T v=1 t_us=1740593256 field=irq_to_rx_ready_us value=1787
PR1T v=1 t_us=1740593256 field=trace_overwrites value=5405532
PR1T v=1 t_us=1740593256 field=capability_mask value=12
PR1T v=1 t_us=1800594287 field=device_state value=2
PR1T v=1 t_us=1800594287 field=rssi_dbm value=-53
PR1T v=1 t_us=1800594287 field=crc_good value=520987
PR1T v=1 t_us=1800594287 field=crc_bad value=100340
PR1T v=1 t_us=1800594287 field=missing value=105084
PR1T v=1 t_us=1800594287 field=queue_depth value=0
PR1T v=1 t_us=1800594287 field=max_queue_depth value=1
PR1T v=1 t_us=1800594287 field=irq_to_spi_us value=6
PR1T v=1 t_us=1800594287 field=spi_duration_us value=1245
PR1T v=1 t_us=1800594287 field=rx_processing_us value=1247
PR1T v=1 t_us=1800594287 field=spi_end_to_rearm_start_us value=133
PR1T v=1 t_us=1800594287 field=rx_rearm_us value=416
PR1T v=1 t_us=1800594287 field=irq_to_rx_ready_us value=1787
PR1T v=1 t_us=1800594287 field=trace_overwrites value=5592191
PR1T v=1 t_us=1800594287 field=capability_mask value=12
PR1T v=1 t_us=1860578899 field=device_state value=2
PR1T v=1 t_us=1860578899 field=rssi_dbm value=-54
PR1T v=1 t_us=1860578899 field=crc_good value=537240
PR1T v=1 t_us=1860578899 field=crc_bad value=104849
PR1T v=1 t_us=1860578899 field=missing value=109696
PR1T v=1 t_us=1860578899 field=queue_depth value=0
PR1T v=1 t_us=1860578899 field=max_queue_depth value=1
PR1T v=1 t_us=1860578899 field=irq_to_spi_us value=6
PR1T v=1 t_us=1860578899 field=spi_duration_us value=1246
PR1T v=1 t_us=1860578899 field=rx_processing_us value=1248
PR1T v=1 t_us=1860578899 field=spi_end_to_rearm_start_us value=135
PR1T v=1 t_us=1860578899 field=rx_rearm_us value=416
PR1T v=1 t_us=1860578899 field=irq_to_rx_ready_us value=1787
PR1T v=1 t_us=1860578899 field=trace_overwrites value=5779065
PR1T v=1 t_us=1860578899 field=capability_mask value=12
PR1T v=1 t_us=1920589269 field=device_state value=2
PR1T v=1 t_us=1920589269 field=rssi_dbm value=-54
PR1T v=1 t_us=1920589269 field=crc_good value=553724
PR1T v=1 t_us=1920589269 field=crc_bad value=109132
PR1T v=1 t_us=1920589269 field=missing value=114085
PR1T v=1 t_us=1920589269 field=queue_depth value=0
PR1T v=1 t_us=1920589269 field=max_queue_depth value=1
PR1T v=1 t_us=1920589269 field=irq_to_spi_us value=6
PR1T v=1 t_us=1920589269 field=spi_duration_us value=1246
PR1T v=1 t_us=1920589269 field=rx_processing_us value=1249
PR1T v=1 t_us=1920589269 field=spi_end_to_rearm_start_us value=135
PR1T v=1 t_us=1920589269 field=rx_rearm_us value=419
PR1T v=1 t_us=1920589269 field=irq_to_rx_ready_us value=1789
PR1T v=1 t_us=1920589269 field=trace_overwrites value=5965992
PR1T v=1 t_us=1920589269 field=capability_mask value=12
PR1T v=1 t_us=1980588230 field=device_state value=2
PR1T v=1 t_us=1980588230 field=rssi_dbm value=-53
PR1T v=1 t_us=1980588230 field=crc_good value=570501
PR1T v=1 t_us=1980588230 field=crc_bad value=113045
PR1T v=1 t_us=1980588230 field=missing value=118177
PR1T v=1 t_us=1980588230 field=queue_depth value=0
PR1T v=1 t_us=1980588230 field=max_queue_depth value=1
PR1T v=1 t_us=1980588230 field=irq_to_spi_us value=6
PR1T v=1 t_us=1980588230 field=spi_duration_us value=1246
PR1T v=1 t_us=1980588230 field=rx_processing_us value=1248
PR1T v=1 t_us=1980588230 field=spi_end_to_rearm_start_us value=136
PR1T v=1 t_us=1980588230 field=rx_rearm_us value=417
PR1T v=1 t_us=1980588230 field=irq_to_rx_ready_us value=1790
PR1T v=1 t_us=1980588230 field=trace_overwrites value=6152210
PR1T v=1 t_us=1980588230 field=capability_mask value=12
PR1T v=1 t_us=2040584223 field=device_state value=2
PR1T v=1 t_us=2040584223 field=rssi_dbm value=-55
PR1T v=1 t_us=2040584223 field=crc_good value=587156
PR1T v=1 t_us=2040584223 field=crc_bad value=117148
PR1T v=1 t_us=2040584223 field=missing value=122390
PR1T v=1 t_us=2040584223 field=queue_depth value=0
PR1T v=1 t_us=2040584223 field=max_queue_depth value=1
PR1T v=1 t_us=2040584223 field=irq_to_spi_us value=6
PR1T v=1 t_us=2040584223 field=spi_duration_us value=1244
PR1T v=1 t_us=2040584223 field=rx_processing_us value=1246
PR1T v=1 t_us=2040584223 field=spi_end_to_rearm_start_us value=136
PR1T v=1 t_us=2040584223 field=rx_rearm_us value=416
PR1T v=1 t_us=2040584223 field=irq_to_rx_ready_us value=1787
PR1T v=1 t_us=2040584223 field=trace_overwrites value=6339048
PR1T v=1 t_us=2040584223 field=capability_mask value=12
PR1T v=1 t_us=2100584169 field=device_state value=2
PR1T v=1 t_us=2100584169 field=rssi_dbm value=-54
PR1T v=1 t_us=2100584169 field=crc_good value=603473
PR1T v=1 t_us=2100584169 field=crc_bad value=121576
PR1T v=1 t_us=2100584169 field=missing value=126942
PR1T v=1 t_us=2100584169 field=queue_depth value=0
PR1T v=1 t_us=2100584169 field=max_queue_depth value=1
PR1T v=1 t_us=2100584169 field=irq_to_spi_us value=6
PR1T v=1 t_us=2100584169 field=spi_duration_us value=1246
PR1T v=1 t_us=2100584169 field=rx_processing_us value=1248
PR1T v=1 t_us=2100584169 field=spi_end_to_rearm_start_us value=136
PR1T v=1 t_us=2100584169 field=rx_rearm_us value=415
PR1T v=1 t_us=2100584169 field=irq_to_rx_ready_us value=1786
PR1T v=1 t_us=2100584169 field=trace_overwrites value=6525761
PR1T v=1 t_us=2100584169 field=capability_mask value=12
PR1T v=1 t_us=2160579187 field=device_state value=2
PR1T v=1 t_us=2160579187 field=rssi_dbm value=-54
PR1T v=1 t_us=2160579187 field=crc_good value=619823
PR1T v=1 t_us=2160579187 field=crc_bad value=125963
PR1T v=1 t_us=2160579187 field=missing value=131460
PR1T v=1 t_us=2160579187 field=queue_depth value=0
PR1T v=1 t_us=2160579187 field=max_queue_depth value=1
PR1T v=1 t_us=2160579187 field=irq_to_spi_us value=11
PR1T v=1 t_us=2160579187 field=spi_duration_us value=1246
PR1T v=1 t_us=2160579187 field=rx_processing_us value=1246
PR1T v=1 t_us=2160579187 field=spi_end_to_rearm_start_us value=137
PR1T v=1 t_us=2160579187 field=rx_rearm_us value=417
PR1T v=1 t_us=2160579187 field=irq_to_rx_ready_us value=1785
PR1T v=1 t_us=2160579187 field=trace_overwrites value=6712410
PR1T v=1 t_us=2160579187 field=capability_mask value=12
PR1T v=1 t_us=2220575438 field=device_state value=2
PR1T v=1 t_us=2220575438 field=rssi_dbm value=-54
PR1T v=1 t_us=2220575438 field=crc_good value=635551
PR1T v=1 t_us=2220575438 field=crc_bad value=130939
PR1T v=1 t_us=2220575438 field=missing value=136600
PR1T v=1 t_us=2220575438 field=queue_depth value=0
PR1T v=1 t_us=2220575438 field=max_queue_depth value=1
PR1T v=1 t_us=2220575438 field=irq_to_spi_us value=12
PR1T v=1 t_us=2220575438 field=spi_duration_us value=1245
PR1T v=1 t_us=2220575438 field=rx_processing_us value=1247
PR1T v=1 t_us=2220575438 field=spi_end_to_rearm_start_us value=136
PR1T v=1 t_us=2220575438 field=rx_rearm_us value=417
PR1T v=1 t_us=2220575438 field=irq_to_rx_ready_us value=1788
PR1T v=1 t_us=2220575438 field=trace_overwrites value=6898746
PR1T v=1 t_us=2220575438 field=capability_mask value=12
PR1T v=1 t_us=2280574917 field=device_state value=2
PR1T v=1 t_us=2280574917 field=rssi_dbm value=-55
PR1T v=1 t_us=2280574917 field=crc_good value=650900
PR1T v=1 t_us=2280574917 field=crc_bad value=136307
PR1T v=1 t_us=2280574917 field=missing value=142120
PR1T v=1 t_us=2280574917 field=queue_depth value=0
PR1T v=1 t_us=2280574917 field=max_queue_depth value=1
PR1T v=1 t_us=2280574917 field=irq_to_spi_us value=6
PR1T v=1 t_us=2280574917 field=spi_duration_us value=1247
PR1T v=1 t_us=2280574917 field=rx_processing_us value=1249
PR1T v=1 t_us=2280574917 field=spi_end_to_rearm_start_us value=136
PR1T v=1 t_us=2280574917 field=rx_rearm_us value=417
PR1T v=1 t_us=2280574917 field=irq_to_rx_ready_us value=1788
PR1T v=1 t_us=2280574917 field=trace_overwrites value=7085215
PR1T v=1 t_us=2280574917 field=capability_mask value=12
PR1T v=1 t_us=2340571094 field=device_state value=2
PR1T v=1 t_us=2340571094 field=rssi_dbm value=-53
PR1T v=1 t_us=2340571094 field=crc_good value=666513
PR1T v=1 t_us=2340571094 field=crc_bad value=141413
PR1T v=1 t_us=2340571094 field=missing value=147374
PR1T v=1 t_us=2340571094 field=queue_depth value=0
PR1T v=1 t_us=2340571094 field=max_queue_depth value=1
PR1T v=1 t_us=2340571094 field=irq_to_spi_us value=6
PR1T v=1 t_us=2340571094 field=spi_duration_us value=1244
PR1T v=1 t_us=2340571094 field=rx_processing_us value=1246
PR1T v=1 t_us=2340571094 field=spi_end_to_rearm_start_us value=134
PR1T v=1 t_us=2340571094 field=rx_rearm_us value=417
PR1T v=1 t_us=2340571094 field=irq_to_rx_ready_us value=1787
PR1T v=1 t_us=2340571094 field=trace_overwrites value=7271742
PR1T v=1 t_us=2340571094 field=capability_mask value=12
PR1T v=1 t_us=2400581075 field=device_state value=2
PR1T v=1 t_us=2400581075 field=rssi_dbm value=-53
PR1T v=1 t_us=2400581075 field=crc_good value=681969
PR1T v=1 t_us=2400581075 field=crc_bad value=146673
PR1T v=1 t_us=2400581075 field=missing value=152792
PR1T v=1 t_us=2400581075 field=queue_depth value=0
PR1T v=1 t_us=2400581075 field=max_queue_depth value=1
PR1T v=1 t_us=2400581075 field=irq_to_spi_us value=6
PR1T v=1 t_us=2400581075 field=spi_duration_us value=1246
PR1T v=1 t_us=2400581075 field=rx_processing_us value=1248
PR1T v=1 t_us=2400581075 field=spi_end_to_rearm_start_us value=135
PR1T v=1 t_us=2400581075 field=rx_rearm_us value=417
PR1T v=1 t_us=2400581075 field=irq_to_rx_ready_us value=1788
PR1T v=1 t_us=2400581075 field=trace_overwrites value=7458194
PR1T v=1 t_us=2400581075 field=capability_mask value=12
PR1T v=1 t_us=2460576780 field=device_state value=2
PR1T v=1 t_us=2460576780 field=rssi_dbm value=-53
PR1T v=1 t_us=2460576780 field=crc_good value=696653
PR1T v=1 t_us=2460576780 field=crc_bad value=152709
PR1T v=1 t_us=2460576780 field=missing value=158976
PR1T v=1 t_us=2460576780 field=queue_depth value=0
PR1T v=1 t_us=2460576780 field=max_queue_depth value=1
PR1T v=1 t_us=2460576780 field=irq_to_spi_us value=6
PR1T v=1 t_us=2460576780 field=spi_duration_us value=1249
PR1T v=1 t_us=2460576780 field=rx_processing_us value=1250
PR1T v=1 t_us=2460576780 field=spi_end_to_rearm_start_us value=135
PR1T v=1 t_us=2460576780 field=rx_rearm_us value=417
PR1T v=1 t_us=2460576780 field=irq_to_rx_ready_us value=1789
PR1T v=1 t_us=2460576780 field=trace_overwrites value=7644690
PR1T v=1 t_us=2460576780 field=capability_mask value=12
PR1T v=1 t_us=2520572870 field=device_state value=2
PR1T v=1 t_us=2520572870 field=rssi_dbm value=-55
PR1T v=1 t_us=2520572870 field=crc_good value=711951
PR1T v=1 t_us=2520572870 field=crc_bad value=158107
PR1T v=1 t_us=2520572870 field=missing value=164546
PR1T v=1 t_us=2520572870 field=queue_depth value=0
PR1T v=1 t_us=2520572870 field=max_queue_depth value=1
PR1T v=1 t_us=2520572870 field=irq_to_spi_us value=6
PR1T v=1 t_us=2520572870 field=spi_duration_us value=1247
PR1T v=1 t_us=2520572870 field=rx_processing_us value=1249
PR1T v=1 t_us=2520572870 field=spi_end_to_rearm_start_us value=136
PR1T v=1 t_us=2520572870 field=rx_rearm_us value=416
PR1T v=1 t_us=2520572870 field=irq_to_rx_ready_us value=1790
PR1T v=1 t_us=2520572870 field=trace_overwrites value=7830986
PR1T v=1 t_us=2520572870 field=capability_mask value=12
PR1T v=1 t_us=2580568993 field=device_state value=2
PR1T v=1 t_us=2580568993 field=rssi_dbm value=-53
PR1T v=1 t_us=2580568993 field=crc_good value=727093
PR1T v=1 t_us=2580568993 field=crc_bad value=163668
PR1T v=1 t_us=2580568993 field=missing value=170272
PR1T v=1 t_us=2580568993 field=queue_depth value=0
PR1T v=1 t_us=2580568993 field=max_queue_depth value=1
PR1T v=1 t_us=2580568993 field=irq_to_spi_us value=6
PR1T v=1 t_us=2580568993 field=spi_duration_us value=1247
PR1T v=1 t_us=2580568993 field=rx_processing_us value=1249
PR1T v=1 t_us=2580568993 field=spi_end_to_rearm_start_us value=136
PR1T v=1 t_us=2580568993 field=rx_rearm_us value=417
PR1T v=1 t_us=2580568993 field=irq_to_rx_ready_us value=1789
PR1T v=1 t_us=2580568993 field=trace_overwrites value=8017321
PR1T v=1 t_us=2580568993 field=capability_mask value=12
PR1T v=1 t_us=2640579362 field=device_state value=2
PR1T v=1 t_us=2640579362 field=rssi_dbm value=-53
PR1T v=1 t_us=2640579362 field=crc_good value=741611
PR1T v=1 t_us=2640579362 field=crc_bad value=169845
PR1T v=1 t_us=2640579362 field=missing value=176627
PR1T v=1 t_us=2640579362 field=queue_depth value=0
PR1T v=1 t_us=2640579362 field=max_queue_depth value=1
PR1T v=1 t_us=2640579362 field=irq_to_spi_us value=6
PR1T v=1 t_us=2640579362 field=spi_duration_us value=1246
PR1T v=1 t_us=2640579362 field=rx_processing_us value=1248
PR1T v=1 t_us=2640579362 field=spi_end_to_rearm_start_us value=135
PR1T v=1 t_us=2640579362 field=rx_rearm_us value=422
PR1T v=1 t_us=2640579362 field=irq_to_rx_ready_us value=1790
PR1T v=1 t_us=2640579362 field=trace_overwrites value=8203616
PR1T v=1 t_us=2640579362 field=capability_mask value=12
PR1T v=1 t_us=2700575453 field=device_state value=2
PR1T v=1 t_us=2700575453 field=rssi_dbm value=-54
PR1T v=1 t_us=2700575453 field=crc_good value=757246
PR1T v=1 t_us=2700575453 field=crc_bad value=174938
PR1T v=1 t_us=2700575453 field=missing value=181860
PR1T v=1 t_us=2700575453 field=queue_depth value=0
PR1T v=1 t_us=2700575453 field=max_queue_depth value=1
PR1T v=1 t_us=2700575453 field=irq_to_spi_us value=6
PR1T v=1 t_us=2700575453 field=spi_duration_us value=1247
PR1T v=1 t_us=2700575453 field=rx_processing_us value=1248
PR1T v=1 t_us=2700575453 field=spi_end_to_rearm_start_us value=135
PR1T v=1 t_us=2700575453 field=rx_rearm_us value=415
PR1T v=1 t_us=2700575453 field=irq_to_rx_ready_us value=1786
PR1T v=1 t_us=2700575453 field=trace_overwrites value=8390168
PR1T v=1 t_us=2700575453 field=capability_mask value=12
PR1_HOST_TRUNCATED_LINE PR
PR1_HOST_SERIAL_REOPEN reason=telemetry snapshot truncated mid-line
PR1T v=1 t_us=2762161720 field=device_state value=2
PR1T v=1 t_us=2762161720 field=rssi_dbm value=-53
PR1T v=1 t_us=2762161720 field=crc_good value=772861
PR1T v=1 t_us=2762161720 field=crc_bad value=180584
PR1T v=1 t_us=2762161720 field=missing value=187665
PR1T v=1 t_us=2762161720 field=queue_depth value=0
PR1T v=1 t_us=2762161720 field=max_queue_depth value=1
PR1T v=1 t_us=2762161720 field=irq_to_spi_us value=6
PR1T v=1 t_us=2762161720 field=spi_duration_us value=1246
PR1T v=1 t_us=2762161720 field=rx_processing_us value=1248
PR1T v=1 t_us=2762161720 field=spi_end_to_rearm_start_us value=136
PR1T v=1 t_us=2762161720 field=rx_rearm_us value=415
PR1T v=1 t_us=2762161720 field=irq_to_rx_ready_us value=1787
PR1T v=1 t_us=2762161720 field=trace_overwrites value=8581533
PR1T v=1 t_us=2762161720 field=capability_mask value=12
PR1T v=1 t_us=2820562098 field=device_state value=2
PR1T v=1 t_us=2820562098 field=rssi_dbm value=-54
PR1T v=1 t_us=2820562098 field=crc_good value=787210
PR1T v=1 t_us=2820562098 field=crc_bad value=186408
PR1T v=1 t_us=2820562098 field=missing value=193630
PR1T v=1 t_us=2820562098 field=queue_depth value=0
PR1T v=1 t_us=2820562098 field=max_queue_depth value=1
PR1T v=1 t_us=2820562098 field=irq_to_spi_us value=5
PR1T v=1 t_us=2820562098 field=spi_duration_us value=1245
PR1T v=1 t_us=2820562098 field=rx_processing_us value=1248
PR1T v=1 t_us=2820562098 field=spi_end_to_rearm_start_us value=136
PR1T v=1 t_us=2820562098 field=rx_rearm_us value=416
PR1T v=1 t_us=2820562098 field=irq_to_rx_ready_us value=1785
PR1T v=1 t_us=2820562098 field=trace_overwrites value=8763106
PR1T v=1 t_us=2820562098 field=capability_mask value=12
PR1T v=1 t_us=2880575173 field=device_state value=2
PR1T v=1 t_us=2880575173 field=rssi_dbm value=-54
PR1T v=1 t_us=2880575173 field=crc_good value=802568
PR1T v=1 t_us=2880575173 field=crc_bad value=191749
PR1T v=1 t_us=2880575173 field=missing value=199145
PR1T v=1 t_us=2880575173 field=queue_depth value=0
PR1T v=1 t_us=2880575173 field=max_queue_depth value=1
PR1T v=1 t_us=2880575173 field=irq_to_spi_us value=8
PR1T v=1 t_us=2880575173 field=spi_duration_us value=1245
PR1T v=1 t_us=2880575173 field=rx_processing_us value=1247
PR1T v=1 t_us=2880575173 field=spi_end_to_rearm_start_us value=136
PR1T v=1 t_us=2880575173 field=rx_rearm_us value=417
PR1T v=1 t_us=2880575173 field=irq_to_rx_ready_us value=1785
PR1T v=1 t_us=2880575173 field=trace_overwrites value=8949421
PR1T v=1 t_us=2880575173 field=capability_mask value=12
PR1T v=1 t_us=2940571304 field=device_state value=2
PR1T v=1 t_us=2940571304 field=rssi_dbm value=-54
PR1T v=1 t_us=2940571304 field=crc_good value=817847
PR1T v=1 t_us=2940571304 field=crc_bad value=197158
PR1T v=1 t_us=2940571304 field=missing value=204735
PR1T v=1 t_us=2940571304 field=queue_depth value=0
PR1T v=1 t_us=2940571304 field=max_queue_depth value=1
PR1T v=1 t_us=2940571304 field=irq_to_spi_us value=13
PR1T v=1 t_us=2940571304 field=spi_duration_us value=1246
PR1T v=1 t_us=2940571304 field=rx_processing_us value=1248
PR1T v=1 t_us=2940571304 field=spi_end_to_rearm_start_us value=136
PR1T v=1 t_us=2940571304 field=rx_rearm_us value=417
PR1T v=1 t_us=2940571304 field=irq_to_rx_ready_us value=1788
PR1T v=1 t_us=2940571304 field=trace_overwrites value=9135621
PR1T v=1 t_us=2940571304 field=capability_mask value=12
PR1T v=1 t_us=3000565374 field=device_state value=2
PR1T v=1 t_us=3000565374 field=rssi_dbm value=-54
PR1T v=1 t_us=3000565374 field=crc_good value=832739
PR1T v=1 t_us=3000565374 field=crc_bad value=202979
PR1T v=1 t_us=3000565374 field=missing value=210710
PR1T v=1 t_us=3000565374 field=queue_depth value=0
PR1T v=1 t_us=3000565374 field=max_queue_depth value=1
PR1T v=1 t_us=3000565374 field=irq_to_spi_us value=6
PR1T v=1 t_us=3000565374 field=spi_duration_us value=1248
PR1T v=1 t_us=3000565374 field=rx_processing_us value=1249
PR1T v=1 t_us=3000565374 field=spi_end_to_rearm_start_us value=136
PR1T v=1 t_us=3000565374 field=rx_rearm_us value=417
PR1T v=1 t_us=3000565374 field=irq_to_rx_ready_us value=1790
PR1T v=1 t_us=3000565374 field=trace_overwrites value=9322062
PR1T v=1 t_us=3000565374 field=capability_mask value=12
PR1T v=1 t_us=3060560397 field=device_state value=2
PR1T v=1 t_us=3060560397 field=rssi_dbm value=-54
PR1T v=1 t_us=3060560397 field=crc_good value=848266
PR1T v=1 t_us=3060560397 field=crc_bad value=208169
PR1T v=1 t_us=3060560397 field=missing value=216051
PR1T v=1 t_us=3060560397 field=queue_depth value=0
PR1T v=1 t_us=3060560397 field=max_queue_depth value=1
PR1T v=1 t_us=3060560397 field=irq_to_spi_us value=6
PR1T v=1 t_us=3060560397 field=spi_duration_us value=1246
PR1T v=1 t_us=3060560397 field=rx_processing_us value=1247
PR1T v=1 t_us=3060560397 field=spi_end_to_rearm_start_us value=135
PR1T v=1 t_us=3060560397 field=rx_rearm_us value=417
PR1T v=1 t_us=3060560397 field=irq_to_rx_ready_us value=1789
PR1T v=1 t_us=3060560397 field=trace_overwrites value=9508523
PR1T v=1 t_us=3060560397 field=capability_mask value=12
PR1T v=1 t_us=3120556401 field=device_state value=2
PR1T v=1 t_us=3120556401 field=rssi_dbm value=-53
PR1T v=1 t_us=3120556401 field=crc_good value=863771
PR1T v=1 t_us=3120556401 field=crc_bad value=213361
PR1T v=1 t_us=3120556401 field=missing value=221414
PR1T v=1 t_us=3120556401 field=queue_depth value=0
PR1T v=1 t_us=3120556401 field=max_queue_depth value=1
PR1T v=1 t_us=3120556401 field=irq_to_spi_us value=6
PR1T v=1 t_us=3120556401 field=spi_duration_us value=1247
PR1T v=1 t_us=3120556401 field=rx_processing_us value=1249
PR1T v=1 t_us=3120556401 field=spi_end_to_rearm_start_us value=135
PR1T v=1 t_us=3120556401 field=rx_rearm_us value=416
PR1T v=1 t_us=3120556401 field=irq_to_rx_ready_us value=1788
PR1T v=1 t_us=3120556401 field=trace_overwrites value=9694820
PR1T v=1 t_us=3120556401 field=capability_mask value=12
PR1T v=1 t_us=3180569747 field=device_state value=2
PR1T v=1 t_us=3180569747 field=rssi_dbm value=-54
PR1T v=1 t_us=3180569747 field=crc_good value=878728
PR1T v=1 t_us=3180569747 field=crc_bad value=219122
PR1T v=1 t_us=3180569747 field=missing value=227331
PR1T v=1 t_us=3180569747 field=queue_depth value=0
PR1T v=1 t_us=3180569747 field=max_queue_depth value=1
PR1T v=1 t_us=3180569747 field=irq_to_spi_us value=6
PR1T v=1 t_us=3180569747 field=spi_duration_us value=1251
PR1T v=1 t_us=3180569747 field=rx_processing_us value=1253
PR1T v=1 t_us=3180569747 field=spi_end_to_rearm_start_us value=135
PR1T v=1 t_us=3180569747 field=rx_rearm_us value=416
PR1T v=1 t_us=3180569747 field=irq_to_rx_ready_us value=1793
PR1T v=1 t_us=3180569747 field=trace_overwrites value=9881306
PR1T v=1 t_us=3180569747 field=capability_mask value=12
PR1T v=1 t_us=3240563069 field=device_state value=2
PR1T v=1 t_us=3240563069 field=rssi_dbm value=-53
PR1T v=1 t_us=3240563069 field=crc_good value=893969
PR1T v=1 t_us=3240563069 field=crc_bad value=224588
PR1T v=1 t_us=3240563069 field=missing value=232957
PR1T v=1 t_us=3240563069 field=queue_depth value=0
PR1T v=1 t_us=3240563069 field=max_queue_depth value=1
PR1T v=1 t_us=3240563069 field=irq_to_spi_us value=6
PR1T v=1 t_us=3240563069 field=spi_duration_us value=1246
PR1T v=1 t_us=3240563069 field=rx_processing_us value=1250
PR1T v=1 t_us=3240563069 field=spi_end_to_rearm_start_us value=136
PR1T v=1 t_us=3240563069 field=rx_rearm_us value=415
PR1T v=1 t_us=3240563069 field=irq_to_rx_ready_us value=1788
PR1T v=1 t_us=3240563069 field=trace_overwrites value=10067677
PR1T v=1 t_us=3240563069 field=capability_mask value=12
PR1T v=1 t_us=3300559091 field=device_state value=2
PR1T v=1 t_us=3300559091 field=rssi_dbm value=-54
PR1T v=1 t_us=3300559091 field=crc_good value=909248
PR1T v=1 t_us=3300559091 field=crc_bad value=229992
PR1T v=1 t_us=3300559091 field=missing value=238546
PR1T v=1 t_us=3300559091 field=queue_depth value=0
PR1T v=1 t_us=3300559091 field=max_queue_depth value=1
PR1T v=1 t_us=3300559091 field=irq_to_spi_us value=6
PR1T v=1 t_us=3300559091 field=spi_duration_us value=1245
PR1T v=1 t_us=3300559091 field=rx_processing_us value=1247
PR1T v=1 t_us=3300559091 field=spi_end_to_rearm_start_us value=136
PR1T v=1 t_us=3300559091 field=rx_rearm_us value=416
PR1T v=1 t_us=3300559091 field=irq_to_rx_ready_us value=1786
PR1T v=1 t_us=3300559091 field=trace_overwrites value=10253848
PR1T v=1 t_us=3300559091 field=capability_mask value=12
PR1T v=1 t_us=3360555021 field=device_state value=2
PR1T v=1 t_us=3360555021 field=rssi_dbm value=-54
PR1T v=1 t_us=3360555021 field=crc_good value=924318
PR1T v=1 t_us=3360555021 field=crc_bad value=235629
PR1T v=1 t_us=3360555021 field=missing value=244343
PR1T v=1 t_us=3360555021 field=queue_depth value=0
PR1T v=1 t_us=3360555021 field=max_queue_depth value=1
PR1T v=1 t_us=3360555021 field=irq_to_spi_us value=6
PR1T v=1 t_us=3360555021 field=spi_duration_us value=1245
PR1T v=1 t_us=3360555021 field=rx_processing_us value=1247
PR1T v=1 t_us=3360555021 field=spi_end_to_rearm_start_us value=135
PR1T v=1 t_us=3360555021 field=rx_rearm_us value=417
PR1T v=1 t_us=3360555021 field=irq_to_rx_ready_us value=1787
PR1T v=1 t_us=3360555021 field=trace_overwrites value=10440243
PR1T v=1 t_us=3360555021 field=capability_mask value=12
PR1T v=1 t_us=3420551130 field=device_state value=2
PR1T v=1 t_us=3420551130 field=rssi_dbm value=-54
PR1T v=1 t_us=3420551130 field=crc_good value=939291
PR1T v=1 t_us=3420551130 field=crc_bad value=241382
PR1T v=1 t_us=3420551130 field=missing value=250239
PR1T v=1 t_us=3420551130 field=queue_depth value=0
PR1T v=1 t_us=3420551130 field=max_queue_depth value=1
PR1T v=1 t_us=3420551130 field=irq_to_spi_us value=5
PR1T v=1 t_us=3420551130 field=spi_duration_us value=1247
PR1T v=1 t_us=3420551130 field=rx_processing_us value=1249
PR1T v=1 t_us=3420551130 field=spi_end_to_rearm_start_us value=136
PR1T v=1 t_us=3420551130 field=rx_rearm_us value=416
PR1T v=1 t_us=3420551130 field=irq_to_rx_ready_us value=1790
PR1T v=1 t_us=3420551130 field=trace_overwrites value=10626777
PR1T v=1 t_us=3420551130 field=capability_mask value=12
PR1T v=1 t_us=3480561530 field=device_state value=2
PR1T v=1 t_us=3480561530 field=rssi_dbm value=-53
PR1T v=1 t_us=3480561530 field=crc_good value=954482
PR1T v=1 t_us=3480561530 field=crc_bad value=246899
PR1T v=1 t_us=3480561530 field=missing value=255921
PR1T v=1 t_us=3480561530 field=queue_depth value=0
PR1T v=1 t_us=3480561530 field=max_queue_depth value=1
PR1T v=1 t_us=3480561530 field=irq_to_spi_us value=6
PR1T v=1 t_us=3480561530 field=spi_duration_us value=1247
PR1T v=1 t_us=3480561530 field=rx_processing_us value=1248
PR1T v=1 t_us=3480561530 field=spi_end_to_rearm_start_us value=136
PR1T v=1 t_us=3480561530 field=rx_rearm_us value=417
PR1T v=1 t_us=3480561530 field=irq_to_rx_ready_us value=1787
PR1T v=1 t_us=3480561530 field=trace_overwrites value=10813173
PR1T v=1 t_us=3480561530 field=capability_mask value=12
PR1T v=1 t_us=3540557583 field=device_state value=2
PR1T v=1 t_us=3540557583 field=rssi_dbm value=-54
PR1T v=1 t_us=3540557583 field=crc_good value=969453
PR1T v=1 t_us=3540557583 field=crc_bad value=252655
PR1T v=1 t_us=3540557583 field=missing value=261818
PR1T v=1 t_us=3540557583 field=queue_depth value=0
PR1T v=1 t_us=3540557583 field=max_queue_depth value=1
PR1T v=1 t_us=3540557583 field=irq_to_spi_us value=6
PR1T v=1 t_us=3540557583 field=spi_duration_us value=1242
PR1T v=1 t_us=3540557583 field=rx_processing_us value=1244
PR1T v=1 t_us=3540557583 field=spi_end_to_rearm_start_us value=134
PR1T v=1 t_us=3540557583 field=rx_rearm_us value=414
PR1T v=1 t_us=3540557583 field=irq_to_rx_ready_us value=1787
PR1T v=1 t_us=3540557583 field=trace_overwrites value=10999724
PR1T v=1 t_us=3540557583 field=capability_mask value=12
PR1T v=1 t_us=3600556577 field=device_state value=2
PR1T v=1 t_us=3600556577 field=rssi_dbm value=-53
PR1T v=1 t_us=3600556577 field=crc_good value=984181
PR1T v=1 t_us=3600556577 field=crc_bad value=258644
PR1T v=1 t_us=3600556577 field=missing value=267959
PR1T v=1 t_us=3600556577 field=queue_depth value=0
PR1T v=1 t_us=3600556577 field=max_queue_depth value=1
PR1T v=1 t_us=3600556577 field=irq_to_spi_us value=8
PR1T v=1 t_us=3600556577 field=spi_duration_us value=1245
PR1T v=1 t_us=3600556577 field=rx_processing_us value=1249
PR1T v=1 t_us=3600556577 field=spi_end_to_rearm_start_us value=140
PR1T v=1 t_us=3600556577 field=rx_rearm_us value=416
PR1T v=1 t_us=3600556577 field=irq_to_rx_ready_us value=1789
PR1T v=1 t_us=3600556577 field=trace_overwrites value=11186193
PR1T v=1 t_us=3600556577 field=capability_mask value=12
PR1T v=1 t_us=3660552644 field=device_state value=2
PR1T v=1 t_us=3660552644 field=rssi_dbm value=-53
PR1T v=1 t_us=3660552644 field=crc_good value=999678
PR1T v=1 t_us=3660552644 field=crc_bad value=263865
PR1T v=1 t_us=3660552644 field=missing value=273330
PR1T v=1 t_us=3660552644 field=queue_depth value=0
PR1T v=1 t_us=3660552644 field=max_queue_depth value=1
PR1T v=1 t_us=3660552644 field=irq_to_spi_us value=6
PR1T v=1 t_us=3660552644 field=spi_duration_us value=1247
PR1T v=1 t_us=3660552644 field=rx_processing_us value=1249
PR1T v=1 t_us=3660552644 field=spi_end_to_rearm_start_us value=136
PR1T v=1 t_us=3660552644 field=rx_rearm_us value=416
PR1T v=1 t_us=3660552644 field=irq_to_rx_ready_us value=1789
PR1T v=1 t_us=3660552644 field=trace_overwrites value=11372655
PR1T v=1 t_us=3660552644 field=capability_mask value=12
PR1T v=1 t_us=3720546638 field=device_state value=2
PR1T v=1 t_us=3720546638 field=rssi_dbm value=-53
PR1T v=1 t_us=3720546638 field=crc_good value=1015852
PR1T v=1 t_us=3720546638 field=crc_bad value=268473
PR1T v=1 t_us=3720546638 field=missing value=278023
PR1T v=1 t_us=3720546638 field=queue_depth value=0
PR1T v=1 t_us=3720546638 field=max_queue_depth value=1
PR1T v=1 t_us=3720546638 field=irq_to_spi_us value=6
PR1T v=1 t_us=3720546638 field=spi_duration_us value=1246
PR1T v=1 t_us=3720546638 field=rx_processing_us value=1248
PR1T v=1 t_us=3720546638 field=spi_end_to_rearm_start_us value=136
PR1T v=1 t_us=3720546638 field=rx_rearm_us value=417
PR1T v=1 t_us=3720546638 field=irq_to_rx_ready_us value=1787
PR1T v=1 t_us=3720546638 field=trace_overwrites value=11559701
PR1T v=1 t_us=3720546638 field=capability_mask value=12
PR1T v=1 t_us=3780557219 field=device_state value=2
PR1T v=1 t_us=3780557219 field=rssi_dbm value=-54
PR1T v=1 t_us=3780557219 field=crc_good value=1031786
PR1T v=1 t_us=3780557219 field=crc_bad value=273314
PR1T v=1 t_us=3780557219 field=missing value=282962
PR1T v=1 t_us=3780557219 field=queue_depth value=0
PR1T v=1 t_us=3780557219 field=max_queue_depth value=1
PR1T v=1 t_us=3780557219 field=irq_to_spi_us value=6
PR1T v=1 t_us=3780557219 field=spi_duration_us value=1247
PR1T v=1 t_us=3780557219 field=rx_processing_us value=1248
PR1T v=1 t_us=3780557219 field=spi_end_to_rearm_start_us value=136
PR1T v=1 t_us=3780557219 field=rx_rearm_us value=417
PR1T v=1 t_us=3780557219 field=irq_to_rx_ready_us value=1788
PR1T v=1 t_us=3780557219 field=trace_overwrites value=11746684
PR1T v=1 t_us=3780557219 field=capability_mask value=12
PR1T v=1 t_us=3840552788 field=device_state value=2
PR1T v=1 t_us=3840552788 field=rssi_dbm value=-53
PR1T v=1 t_us=3840552788 field=crc_good value=1048278
PR1T v=1 t_us=3840552788 field=crc_bad value=277575
PR1T v=1 t_us=3840552788 field=missing value=287338
PR1T v=1 t_us=3840552788 field=queue_depth value=0
PR1T v=1 t_us=3840552788 field=max_queue_depth value=1
PR1T v=1 t_us=3840552788 field=irq_to_spi_us value=6
PR1T v=1 t_us=3840552788 field=spi_duration_us value=1246
PR1T v=1 t_us=3840552788 field=rx_processing_us value=1248
PR1T v=1 t_us=3840552788 field=spi_end_to_rearm_start_us value=136
PR1T v=1 t_us=3840552788 field=rx_rearm_us value=417
PR1T v=1 t_us=3840552788 field=irq_to_rx_ready_us value=1789
PR1T v=1 t_us=3840552788 field=trace_overwrites value=11933469
PR1T v=1 t_us=3840552788 field=capability_mask value=12
PR1T v=1 t_us=3900548937 field=device_state value=2
PR1T v=1 t_us=3900548937 field=rssi_dbm value=-53
PR1T v=1 t_us=3900548937 field=crc_good value=1064684
PR1T v=1 t_us=3900548937 field=crc_bad value=281914
PR1T v=1 t_us=3900548937 field=missing value=291799
PR1T v=1 t_us=3900548937 field=queue_depth value=0
PR1T v=1 t_us=3900548937 field=max_queue_depth value=1
PR1T v=1 t_us=3900548937 field=irq_to_spi_us value=12
PR1T v=1 t_us=3900548937 field=spi_duration_us value=1245
PR1T v=1 t_us=3900548937 field=rx_processing_us value=1248
PR1T v=1 t_us=3900548937 field=spi_end_to_rearm_start_us value=136
PR1T v=1 t_us=3900548937 field=rx_rearm_us value=417
PR1T v=1 t_us=3900548937 field=irq_to_rx_ready_us value=1787
PR1T v=1 t_us=3900548937 field=trace_overwrites value=12120198
PR1T v=1 t_us=3900548937 field=capability_mask value=12
PR1T v=1 t_us=3960544270 field=device_state value=2
PR1T v=1 t_us=3960544270 field=rssi_dbm value=-53
PR1T v=1 t_us=3960544270 field=crc_good value=1080941
PR1T v=1 t_us=3960544270 field=crc_bad value=286397
PR1T v=1 t_us=3960544270 field=missing value=296410
PR1T v=1 t_us=3960544270 field=queue_depth value=0
PR1T v=1 t_us=3960544270 field=max_queue_depth value=1
PR1T v=1 t_us=3960544270 field=irq_to_spi_us value=6
PR1T v=1 t_us=3960544270 field=spi_duration_us value=1245
PR1T v=1 t_us=3960544270 field=rx_processing_us value=1246
PR1T v=1 t_us=3960544270 field=spi_end_to_rearm_start_us value=135
PR1T v=1 t_us=3960544270 field=rx_rearm_us value=417
PR1T v=1 t_us=3960544270 field=irq_to_rx_ready_us value=1787
PR1T v=1 t_us=3960544270 field=trace_overwrites value=12306882
PR1T v=1 t_us=3960544270 field=capability_mask value=12
PR1T v=1 t_us=4020555507 field=device_state value=2
PR1T v=1 t_us=4020555507 field=rssi_dbm value=-53
PR1T v=1 t_us=4020555507 field=crc_good value=1096895
PR1T v=1 t_us=4020555507 field=crc_bad value=291185
PR1T v=1 t_us=4020555507 field=missing value=301328
PR1T v=1 t_us=4020555507 field=queue_depth value=0
PR1T v=1 t_us=4020555507 field=max_queue_depth value=1
PR1T v=1 t_us=4020555507 field=irq_to_spi_us value=6
PR1T v=1 t_us=4020555507 field=spi_duration_us value=1245
PR1T v=1 t_us=4020555507 field=rx_processing_us value=1247
PR1T v=1 t_us=4020555507 field=spi_end_to_rearm_start_us value=136
PR1T v=1 t_us=4020555507 field=rx_rearm_us value=416
PR1T v=1 t_us=4020555507 field=irq_to_rx_ready_us value=1787
PR1T v=1 t_us=4020555507 field=trace_overwrites value=12493560
PR1T v=1 t_us=4020555507 field=capability_mask value=12
PR1T v=1 t_us=4080550820 field=device_state value=2
PR1T v=1 t_us=4080550820 field=rssi_dbm value=-53
PR1T v=1 t_us=4080550820 field=crc_good value=1113439
PR1T v=1 t_us=4080550820 field=crc_bad value=295393
PR1T v=1 t_us=4080550820 field=missing value=305654
PR1T v=1 t_us=4080550820 field=queue_depth value=0
PR1T v=1 t_us=4080550820 field=max_queue_depth value=1
PR1T v=1 t_us=4080550820 field=irq_to_spi_us value=11
PR1T v=1 t_us=4080550820 field=spi_duration_us value=1246
PR1T v=1 t_us=4080550820 field=rx_processing_us value=1247
PR1T v=1 t_us=4080550820 field=spi_end_to_rearm_start_us value=137
PR1T v=1 t_us=4080550820 field=rx_rearm_us value=416
PR1T v=1 t_us=4080550820 field=irq_to_rx_ready_us value=1788
PR1T v=1 t_us=4080550820 field=trace_overwrites value=12680360
PR1T v=1 t_us=4080550820 field=capability_mask value=12
PR1T v=1 t_us=4140546856 field=device_state value=2
PR1T v=1 t_us=4140546856 field=rssi_dbm value=-53
PR1T v=1 t_us=4140546856 field=crc_good value=1130284
PR1T v=1 t_us=4140546856 field=crc_bad value=299275
PR1T v=1 t_us=4140546856 field=missing value=309677
PR1T v=1 t_us=4140546856 field=queue_depth value=0
PR1T v=1 t_us=4140546856 field=max_queue_depth value=1
PR1T v=1 t_us=4140546856 field=irq_to_spi_us value=6
PR1T v=1 t_us=4140546856 field=spi_duration_us value=1246
PR1T v=1 t_us=4140546856 field=rx_processing_us value=1248
PR1T v=1 t_us=4140546856 field=spi_end_to_rearm_start_us value=135
PR1T v=1 t_us=4140546856 field=rx_rearm_us value=417
PR1T v=1 t_us=4140546856 field=irq_to_rx_ready_us value=1789
PR1T v=1 t_us=4140546856 field=trace_overwrites value=12866903
PR1T v=1 t_us=4140546856 field=capability_mask value=12
PR1T v=1 t_us=4200542710 field=device_state value=2
PR1T v=1 t_us=4200542710 field=rssi_dbm value=-53
PR1T v=1 t_us=4200542710 field=crc_good value=1147339
PR1T v=1 t_us=4200542710 field=crc_bad value=302910
PR1T v=1 t_us=4200542710 field=missing value=313489
PR1T v=1 t_us=4200542710 field=queue_depth value=0
PR1T v=1 t_us=4200542710 field=max_queue_depth value=1
PR1T v=1 t_us=4200542710 field=irq_to_spi_us value=6
PR1T v=1 t_us=4200542710 field=spi_duration_us value=1249
PR1T v=1 t_us=4200542710 field=rx_processing_us value=1246
PR1T v=1 t_us=4200542710 field=spi_end_to_rearm_start_us value=136
PR1T v=1 t_us=4200542710 field=rx_rearm_us value=416
PR1T v=1 t_us=4200542710 field=irq_to_rx_ready_us value=1786
PR1T v=1 t_us=4200542710 field=trace_overwrites value=13053145
PR1T v=1 t_us=4200542710 field=capability_mask value=12
PR1T v=1 t_us=4260541751 field=device_state value=2
PR1T v=1 t_us=4260541751 field=rssi_dbm value=-53
PR1T v=1 t_us=4260541751 field=crc_good value=1164312
PR1T v=1 t_us=4260541751 field=crc_bad value=306644
PR1T v=1 t_us=4260541751 field=missing value=317386
PR1T v=1 t_us=4260541751 field=queue_depth value=0
PR1T v=1 t_us=4260541751 field=max_queue_depth value=1
PR1T v=1 t_us=4260541751 field=irq_to_spi_us value=6
PR1T v=1 t_us=4260541751 field=spi_duration_us value=1249
PR1T v=1 t_us=4260541751 field=rx_processing_us value=1251
PR1T v=1 t_us=4260541751 field=spi_end_to_rearm_start_us value=135
PR1T v=1 t_us=4260541751 field=rx_rearm_us value=417
PR1T v=1 t_us=4260541751 field=irq_to_rx_ready_us value=1790
PR1T v=1 t_us=4260541751 field=trace_overwrites value=13239524
PR1T v=1 t_us=4260541751 field=capability_mask value=12
PR1T v=1 t_us=25568701 field=device_state value=2
PR1T v=1 t_us=25568701 field=rssi_dbm value=-53
PR1T v=1 t_us=25568701 field=crc_good value=1181339
PR1T v=1 t_us=25568701 field=crc_bad value=310346
PR1T v=1 t_us=25568701 field=missing value=321226
PR1T v=1 t_us=25568701 field=queue_depth value=0
PR1T v=1 t_us=25568701 field=max_queue_depth value=1
PR1T v=1 t_us=25568701 field=irq_to_spi_us value=6
PR1T v=1 t_us=25568701 field=spi_duration_us value=1248
PR1T v=1 t_us=25568701 field=rx_processing_us value=1250
PR1T v=1 t_us=25568701 field=spi_end_to_rearm_start_us value=136
PR1T v=1 t_us=25568701 field=rx_rearm_us value=417
PR1T v=1 t_us=25568701 field=irq_to_rx_ready_us value=1789
PR1T v=1 t_us=25568701 field=trace_overwrites value=13426117
PR1T v=1 t_us=25568701 field=capability_mask value=12
PR1T v=1 t_us=85578271 field=device_state value=2
PR1T v=1 t_us=85578271 field=rssi_dbm value=-53
PR1T v=1 t_us=85578271 field=crc_good value=1198489
PR1T v=1 t_us=85578271 field=crc_bad value=313923
PR1T v=1 t_us=85578271 field=missing value=324949
PR1T v=1 t_us=85578271 field=queue_depth value=0
PR1T v=1 t_us=85578271 field=max_queue_depth value=1
PR1T v=1 t_us=85578271 field=irq_to_spi_us value=6
PR1T v=1 t_us=85578271 field=spi_duration_us value=1245
PR1T v=1 t_us=85578271 field=rx_processing_us value=1247
PR1T v=1 t_us=85578271 field=spi_end_to_rearm_start_us value=135
PR1T v=1 t_us=85578271 field=rx_rearm_us value=416
PR1T v=1 t_us=85578271 field=irq_to_rx_ready_us value=1785
PR1T v=1 t_us=85578271 field=trace_overwrites value=13612676
PR1T v=1 t_us=85578271 field=capability_mask value=12
PR1T v=1 t_us=145576831 field=device_state value=2
PR1T v=1 t_us=145576831 field=rssi_dbm value=-53
PR1T v=1 t_us=145576831 field=crc_good value=1215501
PR1T v=1 t_us=145576831 field=crc_bad value=317649
PR1T v=1 t_us=145576831 field=missing value=328806
PR1T v=1 t_us=145576831 field=queue_depth value=0
PR1T v=1 t_us=145576831 field=max_queue_depth value=1
PR1T v=1 t_us=145576831 field=irq_to_spi_us value=6
PR1T v=1 t_us=145576831 field=spi_duration_us value=1246
PR1T v=1 t_us=145576831 field=rx_processing_us value=1247
PR1T v=1 t_us=145576831 field=spi_end_to_rearm_start_us value=136
PR1T v=1 t_us=145576831 field=rx_rearm_us value=416
PR1T v=1 t_us=145576831 field=irq_to_rx_ready_us value=1787
PR1T v=1 t_us=145576831 field=trace_overwrites value=13799318
PR1T v=1 t_us=145576831 field=capability_mask value=12
PR1T v=1 t_us=205572788 field=device_state value=2
PR1T v=1 t_us=205572788 field=rssi_dbm value=-53
PR1T v=1 t_us=205572788 field=crc_good value=1232435
PR1T v=1 t_us=205572788 field=crc_bad value=321460
PR1T v=1 t_us=205572788 field=missing value=332739
PR1T v=1 t_us=205572788 field=queue_depth value=0
PR1T v=1 t_us=205572788 field=max_queue_depth value=1
PR1T v=1 t_us=205572788 field=irq_to_spi_us value=6
PR1T v=1 t_us=205572788 field=spi_duration_us value=1245
PR1T v=1 t_us=205572788 field=rx_processing_us value=1245
PR1T v=1 t_us=205572788 field=spi_end_to_rearm_start_us value=133
PR1T v=1 t_us=205572788 field=rx_rearm_us value=416
PR1T v=1 t_us=205572788 field=irq_to_rx_ready_us value=1785
PR1T v=1 t_us=205572788 field=trace_overwrites value=13986023
PR1T v=1 t_us=205572788 field=capability_mask value=12
PR1T v=1 t_us=265568894 field=device_state value=2
PR1T v=1 t_us=265568894 field=rssi_dbm value=-53
PR1T v=1 t_us=265568894 field=crc_good value=1249515
PR1T v=1 t_us=265568894 field=crc_bad value=325113
PR1T v=1 t_us=265568894 field=missing value=336528
PR1T v=1 t_us=265568894 field=queue_depth value=0
PR1T v=1 t_us=265568894 field=max_queue_depth value=1
PR1T v=1 t_us=265568894 field=irq_to_spi_us value=6
PR1T v=1 t_us=265568894 field=spi_duration_us value=1243
PR1T v=1 t_us=265568894 field=rx_processing_us value=1245
PR1T v=1 t_us=265568894 field=spi_end_to_rearm_start_us value=136
PR1T v=1 t_us=265568894 field=rx_rearm_us value=414
PR1T v=1 t_us=265568894 field=irq_to_rx_ready_us value=1786
PR1T v=1 t_us=265568894 field=trace_overwrites value=14172668
PR1T v=1 t_us=265568894 field=capability_mask value=12
PR1T v=1 t_us=325565012 field=device_state value=2
PR1T v=1 t_us=325565012 field=rssi_dbm value=-54
PR1T v=1 t_us=325565012 field=crc_good value=1266738
PR1T v=1 t_us=325565012 field=crc_bad value=328614
PR1T v=1 t_us=325565012 field=missing value=340173
PR1T v=1 t_us=325565012 field=queue_depth value=0
PR1T v=1 t_us=325565012 field=max_queue_depth value=1
PR1T v=1 t_us=325565012 field=irq_to_spi_us value=11
PR1T v=1 t_us=325565012 field=spi_duration_us value=1243
PR1T v=1 t_us=325565012 field=rx_processing_us value=1246
PR1T v=1 t_us=325565012 field=spi_end_to_rearm_start_us value=137
PR1T v=1 t_us=325565012 field=rx_rearm_us value=417
PR1T v=1 t_us=325565012 field=irq_to_rx_ready_us value=1785
PR1T v=1 t_us=325565012 field=trace_overwrites value=14359184
PR1T v=1 t_us=325565012 field=capability_mask value=12
PR1T v=1 t_us=385578237 field=device_state value=2
PR1T v=1 t_us=385578237 field=rssi_dbm value=-53
PR1T v=1 t_us=385578237 field=crc_good value=1283717
PR1T v=1 t_us=385578237 field=crc_bad value=332383
PR1T v=1 t_us=385578237 field=missing value=344067
PR1T v=1 t_us=385578237 field=queue_depth value=0
PR1T v=1 t_us=385578237 field=max_queue_depth value=1
PR1T v=1 t_us=385578237 field=irq_to_spi_us value=5
PR1T v=1 t_us=385578237 field=spi_duration_us value=1245
PR1T v=1 t_us=385578237 field=rx_processing_us value=1247
PR1T v=1 t_us=385578237 field=spi_end_to_rearm_start_us value=135
PR1T v=1 t_us=385578237 field=rx_rearm_us value=417
PR1T v=1 t_us=385578237 field=irq_to_rx_ready_us value=1789
PR1T v=1 t_us=385578237 field=trace_overwrites value=14545924
PR1T v=1 t_us=385578237 field=capability_mask value=12
PR1T v=1 t_us=445574422 field=device_state value=2
PR1T v=1 t_us=445574422 field=rssi_dbm value=-53
PR1T v=1 t_us=445574422 field=crc_good value=1300753
PR1T v=1 t_us=445574422 field=crc_bad value=336079
PR1T v=1 t_us=445574422 field=missing value=347900
PR1T v=1 t_us=445574422 field=queue_depth value=0
PR1T v=1 t_us=445574422 field=max_queue_depth value=1
PR1T v=1 t_us=445574422 field=irq_to_spi_us value=6
PR1T v=1 t_us=445574422 field=spi_duration_us value=1244
PR1T v=1 t_us=445574422 field=rx_processing_us value=1246
PR1T v=1 t_us=445574422 field=spi_end_to_rearm_start_us value=135
PR1T v=1 t_us=445574422 field=rx_rearm_us value=416
PR1T v=1 t_us=445574422 field=irq_to_rx_ready_us value=1785
PR1T v=1 t_us=445574422 field=trace_overwrites value=14732520
PR1T v=1 t_us=445574422 field=capability_mask value=12
PR1T v=1 t_us=505570335 field=device_state value=2
PR1T v=1 t_us=505570335 field=rssi_dbm value=-52
PR1T v=1 t_us=505570335 field=crc_good value=1318093
PR1T v=1 t_us=505570335 field=crc_bad value=339472
PR1T v=1 t_us=505570335 field=missing value=351428
PR1T v=1 t_us=505570335 field=queue_depth value=0
PR1T v=1 t_us=505570335 field=max_queue_depth value=1
PR1T v=1 t_us=505570335 field=irq_to_spi_us value=6
PR1T v=1 t_us=505570335 field=spi_duration_us value=1247
PR1T v=1 t_us=505570335 field=rx_processing_us value=1249
PR1T v=1 t_us=505570335 field=spi_end_to_rearm_start_us value=135
PR1T v=1 t_us=505570335 field=rx_rearm_us value=417
PR1T v=1 t_us=505570335 field=irq_to_rx_ready_us value=1790
PR1T v=1 t_us=505570335 field=trace_overwrites value=14919125
PR1T v=1 t_us=505570335 field=capability_mask value=12
PR1T v=1 t_us=565567310 field=device_state value=2
PR1T v=1 t_us=565567310 field=rssi_dbm value=-53
PR1T v=1 t_us=565567310 field=crc_good value=1335348
PR1T v=1 t_us=565567310 field=crc_bad value=342927
PR1T v=1 t_us=565567310 field=missing value=355041
PR1T v=1 t_us=565567310 field=queue_depth value=0
PR1T v=1 t_us=565567310 field=max_queue_depth value=1
PR1T v=1 t_us=565567310 field=irq_to_spi_us value=5
PR1T v=1 t_us=565567310 field=spi_duration_us value=1247
PR1T v=1 t_us=565567310 field=rx_processing_us value=1249
PR1T v=1 t_us=565567310 field=spi_end_to_rearm_start_us value=136
PR1T v=1 t_us=565567310 field=rx_rearm_us value=417
PR1T v=1 t_us=565567310 field=irq_to_rx_ready_us value=1789
PR1T v=1 t_us=565567310 field=trace_overwrites value=15105515
PR1T v=1 t_us=565567310 field=capability_mask value=12
PR1T v=1 t_us=625565300 field=device_state value=2
PR1T v=1 t_us=625565300 field=rssi_dbm value=-53
PR1T v=1 t_us=625565300 field=crc_good value=1352569
PR1T v=1 t_us=625565300 field=crc_bad value=346438
PR1T v=1 t_us=625565300 field=missing value=358689
PR1T v=1 t_us=625565300 field=queue_depth value=0
PR1T v=1 t_us=625565300 field=max_queue_depth value=1
PR1T v=1 t_us=625565300 field=irq_to_spi_us value=6
PR1T v=1 t_us=625565300 field=spi_duration_us value=1246
PR1T v=1 t_us=625565300 field=rx_processing_us value=1248
PR1T v=1 t_us=625565300 field=spi_end_to_rearm_start_us value=135
PR1T v=1 t_us=625565300 field=rx_rearm_us value=415
PR1T v=1 t_us=625565300 field=irq_to_rx_ready_us value=1787
PR1T v=1 t_us=625565300 field=trace_overwrites value=15292119
PR1T v=1 t_us=625565300 field=capability_mask value=12
PR1T v=1 t_us=685561274 field=device_state value=2
PR1T v=1 t_us=685561274 field=rssi_dbm value=-53
PR1T v=1 t_us=685561274 field=crc_good value=1369882
PR1T v=1 t_us=685561274 field=crc_bad value=349835
PR1T v=1 t_us=685561274 field=missing value=362244
PR1T v=1 t_us=685561274 field=queue_depth value=0
PR1T v=1 t_us=685561274 field=max_queue_depth value=1
PR1T v=1 t_us=685561274 field=irq_to_spi_us value=8
PR1T v=1 t_us=685561274 field=spi_duration_us value=1243
PR1T v=1 t_us=685561274 field=rx_processing_us value=1245
PR1T v=1 t_us=685561274 field=spi_end_to_rearm_start_us value=136
PR1T v=1 t_us=685561274 field=rx_rearm_us value=416
PR1T v=1 t_us=685561274 field=irq_to_rx_ready_us value=1786
PR1T v=1 t_us=685561274 field=trace_overwrites value=15478549
PR1T v=1 t_us=685561274 field=capability_mask value=12
PR1T v=1 t_us=745557381 field=device_state value=2
PR1T v=1 t_us=745557381 field=rssi_dbm value=-52
PR1T v=1 t_us=745557381 field=crc_good value=1387229
PR1T v=1 t_us=745557381 field=crc_bad value=353234
PR1T v=1 t_us=745557381 field=missing value=365765
PR1T v=1 t_us=745557381 field=queue_depth value=0
PR1T v=1 t_us=745557381 field=max_queue_depth value=1
PR1T v=1 t_us=745557381 field=irq_to_spi_us value=13
PR1T v=1 t_us=745557381 field=spi_duration_us value=1245
PR1T v=1 t_us=745557381 field=rx_processing_us value=1246
PR1T v=1 t_us=745557381 field=spi_end_to_rearm_start_us value=135
PR1T v=1 t_us=745557381 field=rx_rearm_us value=417
PR1T v=1 t_us=745557381 field=irq_to_rx_ready_us value=1789
PR1T v=1 t_us=745557381 field=trace_overwrites value=15665263
PR1T v=1 t_us=745557381 field=capability_mask value=12
PR1T v=1 t_us=805568751 field=device_state value=2
PR1T v=1 t_us=805568751 field=rssi_dbm value=-53
PR1T v=1 t_us=805568751 field=crc_good value=1404208
PR1T v=1 t_us=805568751 field=crc_bad value=356974
PR1T v=1 t_us=805568751 field=missing value=369659
PR1T v=1 t_us=805568751 field=queue_depth value=0
PR1T v=1 t_us=805568751 field=max_queue_depth value=1
PR1T v=1 t_us=805568751 field=irq_to_spi_us value=5
PR1T v=1 t_us=805568751 field=spi_duration_us value=1245
PR1T v=1 t_us=805568751 field=rx_processing_us value=1247
PR1T v=1 t_us=805568751 field=spi_end_to_rearm_start_us value=136
PR1T v=1 t_us=805568751 field=rx_rearm_us value=416
PR1T v=1 t_us=805568751 field=irq_to_rx_ready_us value=1786
PR1T v=1 t_us=805568751 field=trace_overwrites value=15851750
PR1T v=1 t_us=805568751 field=capability_mask value=12
PR1T v=1 t_us=865563850 field=device_state value=2
PR1T v=1 t_us=865563850 field=rssi_dbm value=-53
PR1T v=1 t_us=865563850 field=crc_good value=1421411
PR1T v=1 t_us=865563850 field=crc_bad value=360479
PR1T v=1 t_us=865563850 field=missing value=373324
PR1T v=1 t_us=865563850 field=queue_depth value=0
PR1T v=1 t_us=865563850 field=max_queue_depth value=1
PR1T v=1 t_us=865563850 field=irq_to_spi_us value=5
PR1T v=1 t_us=865563850 field=spi_duration_us value=1245
PR1T v=1 t_us=865563850 field=rx_processing_us value=1247
PR1T v=1 t_us=865563850 field=spi_end_to_rearm_start_us value=135
PR1T v=1 t_us=865563850 field=rx_rearm_us value=417
PR1T v=1 t_us=865563850 field=irq_to_rx_ready_us value=1787
PR1T v=1 t_us=865563850 field=trace_overwrites value=16038146
PR1T v=1 t_us=865563850 field=capability_mask value=12
PR1T v=1 t_us=925565626 field=device_state value=2
PR1T v=1 t_us=925565626 field=rssi_dbm value=-53
PR1T v=1 t_us=925565626 field=crc_good value=1438703
PR1T v=1 t_us=925565626 field=crc_bad value=363931
PR1T v=1 t_us=925565626 field=missing value=376902
PR1T v=1 t_us=925565626 field=queue_depth value=0
PR1T v=1 t_us=925565626 field=max_queue_depth value=1
PR1T v=1 t_us=925565626 field=irq_to_spi_us value=12
PR1T v=1 t_us=925565626 field=spi_duration_us value=1246
PR1T v=1 t_us=925565626 field=rx_processing_us value=1248
PR1T v=1 t_us=925565626 field=spi_end_to_rearm_start_us value=136
PR1T v=1 t_us=925565626 field=rx_rearm_us value=417
PR1T v=1 t_us=925565626 field=irq_to_rx_ready_us value=1788
PR1T v=1 t_us=925565626 field=trace_overwrites value=16224874
PR1T v=1 t_us=925565626 field=capability_mask value=12
PR1T v=1 t_us=985558793 field=device_state value=2
PR1T v=1 t_us=985558793 field=rssi_dbm value=-53
PR1T v=1 t_us=985558793 field=crc_good value=1455987
PR1T v=1 t_us=985558793 field=crc_bad value=367378
PR1T v=1 t_us=985558793 field=missing value=380485
PR1T v=1 t_us=985558793 field=queue_depth value=0
PR1T v=1 t_us=985558793 field=max_queue_depth value=1
PR1T v=1 t_us=985558793 field=irq_to_spi_us value=5
PR1T v=1 t_us=985558793 field=spi_duration_us value=1243
PR1T v=1 t_us=985558793 field=rx_processing_us value=1245
PR1T v=1 t_us=985558793 field=spi_end_to_rearm_start_us value=133
PR1T v=1 t_us=985558793 field=rx_rearm_us value=416
PR1T v=1 t_us=985558793 field=irq_to_rx_ready_us value=1786
PR1T v=1 t_us=985558793 field=trace_overwrites value=16411469
PR1T v=1 t_us=985558793 field=capability_mask value=12
PR1T v=1 t_us=1045552564 field=device_state value=2
PR1T v=1 t_us=1045552564 field=rssi_dbm value=-53
PR1T v=1 t_us=1045552564 field=crc_good value=1473444
PR1T v=1 t_us=1045552564 field=crc_bad value=370631
PR1T v=1 t_us=1045552564 field=missing value=383895
PR1T v=1 t_us=1045552564 field=queue_depth value=0
PR1T v=1 t_us=1045552564 field=max_queue_depth value=1
PR1T v=1 t_us=1045552564 field=irq_to_spi_us value=6
PR1T v=1 t_us=1045552564 field=spi_duration_us value=1246
PR1T v=1 t_us=1045552564 field=rx_processing_us value=1247
PR1T v=1 t_us=1045552564 field=spi_end_to_rearm_start_us value=136
PR1T v=1 t_us=1045552564 field=rx_rearm_us value=416
PR1T v=1 t_us=1045552564 field=irq_to_rx_ready_us value=1789
PR1T v=1 t_us=1045552564 field=trace_overwrites value=16597859
PR1T v=1 t_us=1045552564 field=capability_mask value=12
PR1T v=1 t_us=1105565006 field=device_state value=2
PR1T v=1 t_us=1105565006 field=rssi_dbm value=-53
PR1T v=1 t_us=1105565006 field=crc_good value=1490749
PR1T v=1 t_us=1105565006 field=crc_bad value=374063
PR1T v=1 t_us=1105565006 field=missing value=387463
PR1T v=1 t_us=1105565006 field=queue_depth value=0
PR1T v=1 t_us=1105565006 field=max_queue_depth value=1
PR1T v=1 t_us=1105565006 field=irq_to_spi_us value=6
PR1T v=1 t_us=1105565006 field=spi_duration_us value=1245
PR1T v=1 t_us=1105565006 field=rx_processing_us value=1247
PR1T v=1 t_us=1105565006 field=spi_end_to_rearm_start_us value=135
PR1T v=1 t_us=1105565006 field=rx_rearm_us value=417
PR1T v=1 t_us=1105565006 field=irq_to_rx_ready_us value=1787
PR1T v=1 t_us=1105565006 field=trace_overwrites value=16784508
PR1T v=1 t_us=1105565006 field=capability_mask value=12
PR1T v=1 t_us=1165562140 field=device_state value=2
PR1T v=1 t_us=1165562140 field=rssi_dbm value=-53
PR1T v=1 t_us=1165562140 field=crc_good value=1508170
PR1T v=1 t_us=1165562140 field=crc_bad value=377378
PR1T v=1 t_us=1165562140 field=missing value=390911
PR1T v=1 t_us=1165562140 field=queue_depth value=0
PR1T v=1 t_us=1165562140 field=max_queue_depth value=1
PR1T v=1 t_us=1165562140 field=irq_to_spi_us value=6
PR1T v=1 t_us=1165562140 field=spi_duration_us value=1245
PR1T v=1 t_us=1165562140 field=rx_processing_us value=1245
PR1T v=1 t_us=1165562140 field=spi_end_to_rearm_start_us value=136
PR1T v=1 t_us=1165562140 field=rx_rearm_us value=417
PR1T v=1 t_us=1165562140 field=irq_to_rx_ready_us value=1786
PR1T v=1 t_us=1165562140 field=trace_overwrites value=16971156
PR1T v=1 t_us=1165562140 field=capability_mask value=12
PR1T v=1 t_us=1225557080 field=device_state value=2
PR1T v=1 t_us=1225557080 field=rssi_dbm value=-52
PR1T v=1 t_us=1225557080 field=crc_good value=1526041
PR1T v=1 t_us=1225557080 field=crc_bad value=380254
PR1T v=1 t_us=1225557080 field=missing value=393908
PR1T v=1 t_us=1225557080 field=queue_depth value=0
PR1T v=1 t_us=1225557080 field=max_queue_depth value=1
PR1T v=1 t_us=1225557080 field=irq_to_spi_us value=5
PR1T v=1 t_us=1225557080 field=spi_duration_us value=1246
PR1T v=1 t_us=1225557080 field=rx_processing_us value=1247
PR1T v=1 t_us=1225557080 field=spi_end_to_rearm_start_us value=135
PR1T v=1 t_us=1225557080 field=rx_rearm_us value=417
PR1T v=1 t_us=1225557080 field=irq_to_rx_ready_us value=1788
PR1T v=1 t_us=1225557080 field=trace_overwrites value=17157895
PR1T v=1 t_us=1225557080 field=capability_mask value=12
PR1T v=1 t_us=1285553417 field=device_state value=2
PR1T v=1 t_us=1285553417 field=rssi_dbm value=-54
PR1T v=1 t_us=1285553417 field=crc_good value=1543665
PR1T v=1 t_us=1285553417 field=crc_bad value=383352
PR1T v=1 t_us=1285553417 field=missing value=397151
PR1T v=1 t_us=1285553417 field=queue_depth value=0
PR1T v=1 t_us=1285553417 field=max_queue_depth value=1
PR1T v=1 t_us=1285553417 field=irq_to_spi_us value=12
PR1T v=1 t_us=1285553417 field=spi_duration_us value=1245
PR1T v=1 t_us=1285553417 field=rx_processing_us value=1247
PR1T v=1 t_us=1285553417 field=spi_end_to_rearm_start_us value=136
PR1T v=1 t_us=1285553417 field=rx_rearm_us value=417
PR1T v=1 t_us=1285553417 field=irq_to_rx_ready_us value=1787
PR1T v=1 t_us=1285553417 field=trace_overwrites value=17344409
PR1T v=1 t_us=1285553417 field=capability_mask value=12
PR1T v=1 t_us=1345549178 field=device_state value=2
PR1T v=1 t_us=1345549178 field=rssi_dbm value=-54
PR1T v=1 t_us=1345549178 field=crc_good value=1561333
PR1T v=1 t_us=1345549178 field=crc_bad value=386399
PR1T v=1 t_us=1345549178 field=missing value=400352
PR1T v=1 t_us=1345549178 field=queue_depth value=0
PR1T v=1 t_us=1345549178 field=max_queue_depth value=1
PR1T v=1 t_us=1345549178 field=irq_to_spi_us value=6
PR1T v=1 t_us=1345549178 field=spi_duration_us value=1244
PR1T v=1 t_us=1345549178 field=rx_processing_us value=1246
PR1T v=1 t_us=1345549178 field=spi_end_to_rearm_start_us value=134
PR1T v=1 t_us=1345549178 field=rx_rearm_us value=418
PR1T v=1 t_us=1345549178 field=irq_to_rx_ready_us value=1785
PR1T v=1 t_us=1345549178 field=trace_overwrites value=17530868
PR1T v=1 t_us=1345549178 field=capability_mask value=12
PR1T v=1 t_us=1405559507 field=device_state value=2
PR1T v=1 t_us=1405559507 field=rssi_dbm value=-53
PR1T v=1 t_us=1405559507 field=crc_good value=1579362
PR1T v=1 t_us=1405559507 field=crc_bad value=389117
PR1T v=1 t_us=1405559507 field=missing value=403195
PR1T v=1 t_us=1405559507 field=queue_depth value=0
PR1T v=1 t_us=1405559507 field=max_queue_depth value=1
PR1T v=1 t_us=1405559507 field=irq_to_spi_us value=8
PR1T v=1 t_us=1405559507 field=spi_duration_us value=1243
PR1T v=1 t_us=1405559507 field=rx_processing_us value=1245
PR1T v=1 t_us=1405559507 field=spi_end_to_rearm_start_us value=136
PR1T v=1 t_us=1405559507 field=rx_rearm_us value=416
PR1T v=1 t_us=1405559507 field=irq_to_rx_ready_us value=1788
PR1T v=1 t_us=1405559507 field=trace_overwrites value=17717607
PR1T v=1 t_us=1405559507 field=capability_mask value=12
PR1T v=1 t_us=1465558514 field=device_state value=2
PR1T v=1 t_us=1465558514 field=rssi_dbm value=-53
PR1T v=1 t_us=1465558514 field=crc_good value=1597637
PR1T v=1 t_us=1465558514 field=crc_bad value=391580
PR1T v=1 t_us=1465558514 field=missing value=405789
PR1T v=1 t_us=1465558514 field=queue_depth value=0
PR1T v=1 t_us=1465558514 field=max_queue_depth value=1
PR1T v=1 t_us=1465558514 field=irq_to_spi_us value=13
PR1T v=1 t_us=1465558514 field=spi_duration_us value=1244
PR1T v=1 t_us=1465558514 field=rx_processing_us value=1245
PR1T v=1 t_us=1465558514 field=spi_end_to_rearm_start_us value=136
PR1T v=1 t_us=1465558514 field=rx_rearm_us value=417
PR1T v=1 t_us=1465558514 field=irq_to_rx_ready_us value=1789
PR1T v=1 t_us=1465558514 field=trace_overwrites value=17904257
PR1T v=1 t_us=1465558514 field=capability_mask value=12
PR1T v=1 t_us=1525545975 field=device_state value=2
PR1T v=1 t_us=1525545975 field=rssi_dbm value=-54
PR1T v=1 t_us=1525545975 field=crc_good value=1615372
PR1T v=1 t_us=1525545975 field=crc_bad value=394563
PR1T v=1 t_us=1525545975 field=missing value=408920
PR1T v=1 t_us=1525545975 field=queue_depth value=0
PR1T v=1 t_us=1525545975 field=max_queue_depth value=1
PR1T v=1 t_us=1525545975 field=irq_to_spi_us value=6
PR1T v=1 t_us=1525545975 field=spi_duration_us value=1246
PR1T v=1 t_us=1525545975 field=rx_processing_us value=1248
PR1T v=1 t_us=1525545975 field=spi_end_to_rearm_start_us value=135
PR1T v=1 t_us=1525545975 field=rx_rearm_us value=417
PR1T v=1 t_us=1525545975 field=irq_to_rx_ready_us value=1788
PR1T v=1 t_us=1525545975 field=trace_overwrites value=18090727
PR1T v=1 t_us=1525545975 field=capability_mask value=12
PR1T v=1 t_us=1585544970 field=device_state value=2
PR1T v=1 t_us=1585544970 field=rssi_dbm value=-53
PR1T v=1 t_us=1585544970 field=crc_good value=1633052
PR1T v=1 t_us=1585544970 field=crc_bad value=397597
PR1T v=1 t_us=1585544970 field=missing value=412109
PR1T v=1 t_us=1585544970 field=queue_depth value=0
PR1T v=1 t_us=1585544970 field=max_queue_depth value=1
PR1T v=1 t_us=1585544970 field=irq_to_spi_us value=6
PR1T v=1 t_us=1585544970 field=spi_duration_us value=1246
PR1T v=1 t_us=1585544970 field=rx_processing_us value=1248
PR1T v=1 t_us=1585544970 field=spi_end_to_rearm_start_us value=135
PR1T v=1 t_us=1585544970 field=rx_rearm_us value=416
PR1T v=1 t_us=1585544970 field=irq_to_rx_ready_us value=1788
PR1T v=1 t_us=1585544970 field=trace_overwrites value=18277169
PR1T v=1 t_us=1585544970 field=capability_mask value=12
PR1T v=1 t_us=1645543687 field=device_state value=2
PR1T v=1 t_us=1645543687 field=rssi_dbm value=-54
PR1T v=1 t_us=1645543687 field=crc_good value=1650872
PR1T v=1 t_us=1645543687 field=crc_bad value=400475
PR1T v=1 t_us=1645543687 field=missing value=415157
PR1T v=1 t_us=1645543687 field=queue_depth value=0
PR1T v=1 t_us=1645543687 field=max_queue_depth value=1
PR1T v=1 t_us=1645543687 field=irq_to_spi_us value=6
PR1T v=1 t_us=1645543687 field=spi_duration_us value=1247
PR1T v=1 t_us=1645543687 field=rx_processing_us value=1248
PR1T v=1 t_us=1645543687 field=spi_end_to_rearm_start_us value=136
PR1T v=1 t_us=1645543687 field=rx_rearm_us value=417
PR1T v=1 t_us=1645543687 field=irq_to_rx_ready_us value=1790
PR1T v=1 t_us=1645543687 field=trace_overwrites value=18463459
PR1T v=1 t_us=1645543687 field=capability_mask value=12
PR1T v=1 t_us=1705554492 field=device_state value=2
PR1T v=1 t_us=1705554492 field=rssi_dbm value=-53
PR1T v=1 t_us=1705554492 field=crc_good value=1668568
PR1T v=1 t_us=1705554492 field=crc_bad value=403488
PR1T v=1 t_us=1705554492 field=missing value=418335
PR1T v=1 t_us=1705554492 field=queue_depth value=0
PR1T v=1 t_us=1705554492 field=max_queue_depth value=1
PR1T v=1 t_us=1705554492 field=irq_to_spi_us value=6
PR1T v=1 t_us=1705554492 field=spi_duration_us value=1242
PR1T v=1 t_us=1705554492 field=rx_processing_us value=1244
PR1T v=1 t_us=1705554492 field=spi_end_to_rearm_start_us value=136
PR1T v=1 t_us=1705554492 field=rx_rearm_us value=416
PR1T v=1 t_us=1705554492 field=irq_to_rx_ready_us value=1787
PR1T v=1 t_us=1705554492 field=trace_overwrites value=18649840
PR1T v=1 t_us=1705554492 field=capability_mask value=12
PR1T v=1 t_us=1765550406 field=device_state value=2
PR1T v=1 t_us=1765550406 field=rssi_dbm value=-53
PR1T v=1 t_us=1765550406 field=crc_good value=1686300
PR1T v=1 t_us=1765550406 field=crc_bad value=406494
PR1T v=1 t_us=1765550406 field=missing value=421471
PR1T v=1 t_us=1765550406 field=queue_depth value=0
PR1T v=1 t_us=1765550406 field=max_queue_depth value=1
PR1T v=1 t_us=1765550406 field=irq_to_spi_us value=5
PR1T v=1 t_us=1765550406 field=spi_duration_us value=1244
PR1T v=1 t_us=1765550406 field=rx_processing_us value=1245
PR1T v=1 t_us=1765550406 field=spi_end_to_rearm_start_us value=137
PR1T v=1 t_us=1765550406 field=rx_rearm_us value=413
PR1T v=1 t_us=1765550406 field=irq_to_rx_ready_us value=1786
PR1T v=1 t_us=1765550406 field=trace_overwrites value=18836498
PR1T v=1 t_us=1765550406 field=capability_mask value=12
PR1T v=1 t_us=1825546390 field=device_state value=2
PR1T v=1 t_us=1825546390 field=rssi_dbm value=-53
PR1T v=1 t_us=1825546390 field=crc_good value=1704361
PR1T v=1 t_us=1825546390 field=crc_bad value=409148
PR1T v=1 t_us=1825546390 field=missing value=424278
PR1T v=1 t_us=1825546390 field=queue_depth value=0
PR1T v=1 t_us=1825546390 field=max_queue_depth value=1
PR1T v=1 t_us=1825546390 field=irq_to_spi_us value=13
PR1T v=1 t_us=1825546390 field=spi_duration_us value=1245
PR1T v=1 t_us=1825546390 field=rx_processing_us value=1247
PR1T v=1 t_us=1825546390 field=spi_end_to_rearm_start_us value=136
PR1T v=1 t_us=1825546390 field=rx_rearm_us value=417
PR1T v=1 t_us=1825546390 field=irq_to_rx_ready_us value=1788
PR1T v=1 t_us=1825546390 field=trace_overwrites value=19022965
PR1T v=1 t_us=1825546390 field=capability_mask value=12
PR1T v=1 t_us=1885543326 field=device_state value=2
PR1T v=1 t_us=1885543326 field=rssi_dbm value=-53
PR1T v=1 t_us=1885543326 field=crc_good value=1722360
PR1T v=1 t_us=1885543326 field=crc_bad value=411840
PR1T v=1 t_us=1885543326 field=missing value=427147
PR1T v=1 t_us=1885543326 field=queue_depth value=0
PR1T v=1 t_us=1885543326 field=max_queue_depth value=1
PR1T v=1 t_us=1885543326 field=irq_to_spi_us value=6
PR1T v=1 t_us=1885543326 field=spi_duration_us value=1246
PR1T v=1 t_us=1885543326 field=rx_processing_us value=1247
PR1T v=1 t_us=1885543326 field=spi_end_to_rearm_start_us value=134
PR1T v=1 t_us=1885543326 field=rx_rearm_us value=417
PR1T v=1 t_us=1885543326 field=irq_to_rx_ready_us value=1786
PR1T v=1 t_us=1885543326 field=trace_overwrites value=19209216
PR1T v=1 t_us=1885543326 field=capability_mask value=12
PR1T v=1 t_us=1945538934 field=device_state value=2
PR1T v=1 t_us=1945538934 field=rssi_dbm value=-53
PR1_HOST_TRUNCATED_LINE PR1T v=1 t_us=1945538934 field
PR1_HOST_SERIAL_REOPEN reason=telemetry snapshot truncated mid-line
PR1T v=1 t_us=1947131139 field=device_state value=2
PR1T v=1 t_us=1947131139 field=rssi_dbm value=-53
PR1T v=1 t_us=1947131139 field=crc_good value=1740708
PR1T v=1 t_us=1947131139 field=crc_bad value=414759
PR1T v=1 t_us=1947131139 field=missing value=430221
PR1T v=1 t_us=1947131139 field=queue_depth value=0
PR1T v=1 t_us=1947131139 field=max_queue_depth value=1
PR1T v=1 t_us=1947131139 field=irq_to_spi_us value=6
PR1T v=1 t_us=1947131139 field=spi_duration_us value=1244
PR1T v=1 t_us=1947131139 field=rx_processing_us value=1248
PR1T v=1 t_us=1947131139 field=spi_end_to_rearm_start_us value=135
PR1T v=1 t_us=1947131139 field=rx_rearm_us value=417
PR1T v=1 t_us=1947131139 field=irq_to_rx_ready_us value=1787
PR1T v=1 t_us=1947131139 field=trace_overwrites value=19400667
PR1T v=1 t_us=1947131139 field=capability_mask value=12
PR1T v=1 t_us=2005549544 field=device_state value=2
PR1T v=1 t_us=2005549544 field=rssi_dbm value=-53
PR1T v=1 t_us=2005549544 field=crc_good value=1758313
PR1T v=1 t_us=2005549544 field=crc_bad value=417329
PR1T v=1 t_us=2005549544 field=missing value=432935
PR1T v=1 t_us=2005549544 field=queue_depth value=0
PR1T v=1 t_us=2005549544 field=max_queue_depth value=1
PR1T v=1 t_us=2005549544 field=irq_to_spi_us value=6
PR1T v=1 t_us=2005549544 field=spi_duration_us value=1246
PR1T v=1 t_us=2005549544 field=rx_processing_us value=1248
PR1T v=1 t_us=2005549544 field=spi_end_to_rearm_start_us value=136
PR1T v=1 t_us=2005549544 field=rx_rearm_us value=417
PR1T v=1 t_us=2005549544 field=irq_to_rx_ready_us value=1786
PR1T v=1 t_us=2005549544 field=trace_overwrites value=19582250
PR1T v=1 t_us=2005549544 field=capability_mask value=12
PR1T v=1 t_us=2065544699 field=device_state value=2
PR1T v=1 t_us=2065544699 field=rssi_dbm value=-53
PR1T v=1 t_us=2065544699 field=crc_good value=1776602
PR1T v=1 t_us=2065544699 field=crc_bad value=419775
PR1T v=1 t_us=2065544699 field=missing value=435514
PR1T v=1 t_us=2065544699 field=queue_depth value=0
PR1T v=1 t_us=2065544699 field=max_queue_depth value=1
PR1T v=1 t_us=2065544699 field=irq_to_spi_us value=6
PR1T v=1 t_us=2065544699 field=spi_duration_us value=1246
PR1T v=1 t_us=2065544699 field=rx_processing_us value=1248
PR1T v=1 t_us=2065544699 field=spi_end_to_rearm_start_us value=136
PR1T v=1 t_us=2065544699 field=rx_rearm_us value=416
PR1T v=1 t_us=2065544699 field=irq_to_rx_ready_us value=1790
PR1T v=1 t_us=2065544699 field=trace_overwrites value=19768881
PR1T v=1 t_us=2065544699 field=capability_mask value=12
PR1T v=1 t_us=2125540803 field=device_state value=2
PR1T v=1 t_us=2125540803 field=rssi_dbm value=-53
PR1T v=1 t_us=2125540803 field=crc_good value=1794326
PR1T v=1 t_us=2125540803 field=crc_bad value=422797
PR1T v=1 t_us=2125540803 field=missing value=438658
PR1T v=1 t_us=2125540803 field=queue_depth value=0
PR1T v=1 t_us=2125540803 field=max_queue_depth value=1
PR1T v=1 t_us=2125540803 field=irq_to_spi_us value=6
PR1T v=1 t_us=2125540803 field=spi_duration_us value=1247
PR1T v=1 t_us=2125540803 field=rx_processing_us value=1249
PR1T v=1 t_us=2125540803 field=spi_end_to_rearm_start_us value=136
PR1T v=1 t_us=2125540803 field=rx_rearm_us value=417
PR1T v=1 t_us=2125540803 field=irq_to_rx_ready_us value=1790
PR1T v=1 t_us=2125540803 field=trace_overwrites value=19955595
PR1T v=1 t_us=2125540803 field=capability_mask value=12
PR1T v=1 t_us=2185536784 field=device_state value=2
PR1T v=1 t_us=2185536784 field=rssi_dbm value=-53
PR1T v=1 t_us=2185536784 field=crc_good value=1812346
PR1T v=1 t_us=2185536784 field=crc_bad value=425507
PR1T v=1 t_us=2185536784 field=missing value=441506
PR1T v=1 t_us=2185536784 field=queue_depth value=0
PR1T v=1 t_us=2185536784 field=max_queue_depth value=1
PR1T v=1 t_us=2185536784 field=irq_to_spi_us value=5
PR1T v=1 t_us=2185536784 field=spi_duration_us value=1244
PR1T v=1 t_us=2185536784 field=rx_processing_us value=1245
PR1T v=1 t_us=2185536784 field=spi_end_to_rearm_start_us value=135
PR1T v=1 t_us=2185536784 field=rx_rearm_us value=416
PR1T v=1 t_us=2185536784 field=irq_to_rx_ready_us value=1785
PR1T v=1 t_us=2185536784 field=trace_overwrites value=20142173
PR1T v=1 t_us=2185536784 field=capability_mask value=12
PR1T v=1 t_us=2245535784 field=device_state value=2
PR1T v=1 t_us=2245535784 field=rssi_dbm value=-53
PR1T v=1 t_us=2245535784 field=crc_good value=1830162
PR1T v=1 t_us=2245535784 field=crc_bad value=428443
PR1T v=1 t_us=2245535784 field=missing value=444559
PR1T v=1 t_us=2245535784 field=queue_depth value=0
PR1T v=1 t_us=2245535784 field=max_queue_depth value=1
PR1T v=1 t_us=2245535784 field=irq_to_spi_us value=6
PR1T v=1 t_us=2245535784 field=spi_duration_us value=1246
PR1T v=1 t_us=2245535784 field=rx_processing_us value=1248
PR1T v=1 t_us=2245535784 field=spi_end_to_rearm_start_us value=136
PR1T v=1 t_us=2245535784 field=rx_rearm_us value=414
PR1T v=1 t_us=2245535784 field=irq_to_rx_ready_us value=1788
PR1T v=1 t_us=2245535784 field=trace_overwrites value=20328941
PR1T v=1 t_us=2245535784 field=capability_mask value=12
PR1T v=1 t_us=2305531772 field=device_state value=2
PR1T v=1 t_us=2305531772 field=rssi_dbm value=-53
PR1T v=1 t_us=2305531772 field=crc_good value=1847721
PR1T v=1 t_us=2305531772 field=crc_bad value=431630
PR1T v=1 t_us=2305531772 field=missing value=447868
PR1T v=1 t_us=2305531772 field=queue_depth value=0
PR1T v=1 t_us=2305531772 field=max_queue_depth value=1
PR1T v=1 t_us=2305531772 field=irq_to_spi_us value=6
PR1T v=1 t_us=2305531772 field=spi_duration_us value=1243
PR1T v=1 t_us=2305531772 field=rx_processing_us value=1245
PR1T v=1 t_us=2305531772 field=spi_end_to_rearm_start_us value=136
PR1T v=1 t_us=2305531772 field=rx_rearm_us value=416
PR1T v=1 t_us=2305531772 field=irq_to_rx_ready_us value=1786
PR1T v=1 t_us=2305531772 field=trace_overwrites value=20515671
PR1T v=1 t_us=2305531772 field=capability_mask value=12
PR1T v=1 t_us=2365542992 field=device_state value=2
PR1T v=1 t_us=2365542992 field=rssi_dbm value=-53
PR1T v=1 t_us=2365542992 field=crc_good value=1865273
PR1T v=1 t_us=2365542992 field=crc_bad value=434822
PR1T v=1 t_us=2365542992 field=missing value=451189
PR1T v=1 t_us=2365542992 field=queue_depth value=0
PR1T v=1 t_us=2365542992 field=max_queue_depth value=1
PR1T v=1 t_us=2365542992 field=irq_to_spi_us value=6
PR1T v=1 t_us=2365542992 field=spi_duration_us value=1246
PR1T v=1 t_us=2365542992 field=rx_processing_us value=1247
PR1T v=1 t_us=2365542992 field=spi_end_to_rearm_start_us value=137
PR1T v=1 t_us=2365542992 field=rx_rearm_us value=416
PR1T v=1 t_us=2365542992 field=irq_to_rx_ready_us value=1787
PR1T v=1 t_us=2365542992 field=trace_overwrites value=20702375
PR1T v=1 t_us=2365542992 field=capability_mask value=12
PR1T v=1 t_us=2425539048 field=device_state value=2
PR1T v=1 t_us=2425539048 field=rssi_dbm value=-53
PR1T v=1 t_us=2425539048 field=crc_good value=1882427
PR1T v=1 t_us=2425539048 field=crc_bad value=438417
PR1T v=1 t_us=2425539048 field=missing value=454903
PR1T v=1 t_us=2425539048 field=queue_depth value=0
PR1T v=1 t_us=2425539048 field=max_queue_depth value=1
PR1T v=1 t_us=2425539048 field=irq_to_spi_us value=5
PR1T v=1 t_us=2425539048 field=spi_duration_us value=1246
PR1T v=1 t_us=2425539048 field=rx_processing_us value=1248
PR1T v=1 t_us=2425539048 field=spi_end_to_rearm_start_us value=136
PR1T v=1 t_us=2425539048 field=rx_rearm_us value=416
PR1T v=1 t_us=2425539048 field=irq_to_rx_ready_us value=1787
PR1T v=1 t_us=2425539048 field=trace_overwrites value=20889116
PR1T v=1 t_us=2425539048 field=capability_mask value=12
PR1T v=1 t_us=2485535307 field=device_state value=2
PR1T v=1 t_us=2485535307 field=rssi_dbm value=-53
PR1T v=1 t_us=2485535307 field=crc_good value=1899260
PR1T v=1 t_us=2485535307 field=crc_bad value=442348
PR1T v=1 t_us=2485535307 field=missing value=458938
PR1T v=1 t_us=2485535307 field=queue_depth value=0
PR1T v=1 t_us=2485535307 field=max_queue_depth value=1
PR1T v=1 t_us=2485535307 field=irq_to_spi_us value=6
PR1T v=1 t_us=2485535307 field=spi_duration_us value=1246
PR1T v=1 t_us=2485535307 field=rx_processing_us value=1248
PR1T v=1 t_us=2485535307 field=spi_end_to_rearm_start_us value=135
PR1T v=1 t_us=2485535307 field=rx_rearm_us value=416
PR1T v=1 t_us=2485535307 field=irq_to_rx_ready_us value=1787
PR1T v=1 t_us=2485535307 field=trace_overwrites value=21076008
PR1T v=1 t_us=2485535307 field=capability_mask value=12
PR1T v=1 t_us=2545530435 field=device_state value=2
PR1T v=1 t_us=2545530435 field=rssi_dbm value=-53
PR1T v=1 t_us=2545530435 field=crc_good value=1915895
PR1T v=1 t_us=2545530435 field=crc_bad value=446442
PR1T v=1 t_us=2545530435 field=missing value=463171
PR1T v=1 t_us=2545530435 field=queue_depth value=0
PR1T v=1 t_us=2545530435 field=max_queue_depth value=1
PR1T v=1 t_us=2545530435 field=irq_to_spi_us value=5
PR1T v=1 t_us=2545530435 field=spi_duration_us value=1246
PR1T v=1 t_us=2545530435 field=rx_processing_us value=1248
PR1T v=1 t_us=2545530435 field=spi_end_to_rearm_start_us value=135
PR1T v=1 t_us=2545530435 field=rx_rearm_us value=416
PR1T v=1 t_us=2545530435 field=irq_to_rx_ready_us value=1786
PR1T v=1 t_us=2545530435 field=trace_overwrites value=21262569
PR1T v=1 t_us=2545530435 field=capability_mask value=12
PR1T v=1 t_us=2605543687 field=device_state value=2
PR1T v=1 t_us=2605543687 field=rssi_dbm value=-53
PR1T v=1 t_us=2605543687 field=crc_good value=1932514
PR1T v=1 t_us=2605543687 field=crc_bad value=450572
PR1T v=1 t_us=2605543687 field=missing value=467426
PR1T v=1 t_us=2605543687 field=queue_depth value=0
PR1T v=1 t_us=2605543687 field=max_queue_depth value=1
PR1T v=1 t_us=2605543687 field=irq_to_spi_us value=6
PR1T v=1 t_us=2605543687 field=spi_duration_us value=1246
PR1T v=1 t_us=2605543687 field=rx_processing_us value=1248
PR1T v=1 t_us=2605543687 field=spi_end_to_rearm_start_us value=136
PR1T v=1 t_us=2605543687 field=rx_rearm_us value=416
PR1T v=1 t_us=2605543687 field=irq_to_rx_ready_us value=1788
PR1T v=1 t_us=2605543687 field=trace_overwrites value=21449334
PR1T v=1 t_us=2605543687 field=capability_mask value=12
PR1T v=1 t_us=2665540246 field=device_state value=2
PR1T v=1 t_us=2665540246 field=rssi_dbm value=-53
PR1T v=1 t_us=2665540246 field=crc_good value=1948890
PR1T v=1 t_us=2665540246 field=crc_bad value=454944
PR1T v=1 t_us=2665540246 field=missing value=471918
PR1T v=1 t_us=2665540246 field=queue_depth value=0
PR1T v=1 t_us=2665540246 field=max_queue_depth value=1
PR1T v=1 t_us=2665540246 field=irq_to_spi_us value=6
PR1T v=1 t_us=2665540246 field=spi_duration_us value=1246
PR1T v=1 t_us=2665540246 field=rx_processing_us value=1248
PR1T v=1 t_us=2665540246 field=spi_end_to_rearm_start_us value=136
PR1T v=1 t_us=2665540246 field=rx_rearm_us value=417
PR1T v=1 t_us=2665540246 field=irq_to_rx_ready_us value=1786
PR1T v=1 t_us=2665540246 field=trace_overwrites value=21636074
PR1T v=1 t_us=2665540246 field=capability_mask value=12
PR1T v=1 t_us=2725538720 field=device_state value=2
PR1T v=1 t_us=2725538720 field=rssi_dbm value=-53
PR1T v=1 t_us=2725538720 field=crc_good value=1965278
PR1T v=1 t_us=2725538720 field=crc_bad value=459266
PR1T v=1 t_us=2725538720 field=missing value=476399
PR1T v=1 t_us=2725538720 field=queue_depth value=0
PR1T v=1 t_us=2725538720 field=max_queue_depth value=1
PR1T v=1 t_us=2725538720 field=irq_to_spi_us value=6
PR1T v=1 t_us=2725538720 field=spi_duration_us value=1246
PR1T v=1 t_us=2725538720 field=rx_processing_us value=1248
PR1T v=1 t_us=2725538720 field=spi_end_to_rearm_start_us value=136
PR1T v=1 t_us=2725538720 field=rx_rearm_us value=417
PR1T v=1 t_us=2725538720 field=irq_to_rx_ready_us value=1788
PR1T v=1 t_us=2725538720 field=trace_overwrites value=21822464
PR1T v=1 t_us=2725538720 field=capability_mask value=12
PR1T v=1 t_us=2785534840 field=device_state value=2
PR1T v=1 t_us=2785534840 field=rssi_dbm value=-53
PR1T v=1 t_us=2785534840 field=crc_good value=1981782
PR1T v=1 t_us=2785534840 field=crc_bad value=463499
PR1T v=1 t_us=2785534840 field=missing value=480763
PR1T v=1 t_us=2785534840 field=queue_depth value=0
PR1T v=1 t_us=2785534840 field=max_queue_depth value=1
PR1T v=1 t_us=2785534840 field=irq_to_spi_us value=6
PR1T v=1 t_us=2785534840 field=spi_duration_us value=1246
PR1T v=1 t_us=2785534840 field=rx_processing_us value=1247
PR1T v=1 t_us=2785534840 field=spi_end_to_rearm_start_us value=136
PR1T v=1 t_us=2785534840 field=rx_rearm_us value=417
PR1T v=1 t_us=2785534840 field=irq_to_rx_ready_us value=1788
PR1T v=1 t_us=2785534840 field=trace_overwrites value=22009097
PR1T v=1 t_us=2785534840 field=capability_mask value=12
PR1T v=1 t_us=2845533870 field=device_state value=2
PR1_HOST_TRUNCATED_LINE PR1T v=1 t_us=28
PR1_HOST_SERIAL_REOPEN reason=telemetry snapshot truncated mid-line
PR1T v=1 t_us=2847123822 field=device_state value=2
PR1T v=1 t_us=2847123822 field=rssi_dbm value=-52
PR1T v=1 t_us=2847123822 field=crc_good value=1998159
PR1T v=1 t_us=2847123822 field=crc_bad value=468427
PR1T v=1 t_us=2847123822 field=missing value=485808
PR1T v=1 t_us=2847123822 field=queue_depth value=0
PR1T v=1 t_us=2847123822 field=max_queue_depth value=1
PR1T v=1 t_us=2847123822 field=irq_to_spi_us value=11
PR1T v=1 t_us=2847123822 field=spi_duration_us value=1244
PR1T v=1 t_us=2847123822 field=rx_processing_us value=1246
PR1T v=1 t_us=2847123822 field=spi_end_to_rearm_start_us value=136
PR1T v=1 t_us=2847123822 field=rx_rearm_us value=417
PR1T v=1 t_us=2847123822 field=irq_to_rx_ready_us value=1789
PR1T v=1 t_us=2847123822 field=trace_overwrites value=22200850
PR1T v=1 t_us=2847123822 field=capability_mask value=12
PR1T v=1 t_us=2905524204 field=device_state value=2
PR1T v=1 t_us=2905524204 field=rssi_dbm value=-53
PR1T v=1 t_us=2905524204 field=crc_good value=2013465
PR1T v=1 t_us=2905524204 field=crc_bad value=473293
PR1T v=1 t_us=2905524204 field=missing value=490815
PR1T v=1 t_us=2905524204 field=queue_depth value=0
PR1T v=1 t_us=2905524204 field=max_queue_depth value=1
PR1T v=1 t_us=2905524204 field=irq_to_spi_us value=6
PR1T v=1 t_us=2905524204 field=spi_duration_us value=1246
PR1T v=1 t_us=2905524204 field=rx_processing_us value=1250
PR1T v=1 t_us=2905524204 field=spi_end_to_rearm_start_us value=135
PR1T v=1 t_us=2905524204 field=rx_rearm_us value=422
PR1T v=1 t_us=2905524204 field=irq_to_rx_ready_us value=1790
PR1T v=1 t_us=2905524204 field=trace_overwrites value=22382422
PR1T v=1 t_us=2905524204 field=capability_mask value=12
PR1T v=1 t_us=2965537609 field=device_state value=2
PR1T v=1 t_us=2965537609 field=rssi_dbm value=-58
PR1T v=1 t_us=2965537609 field=crc_good value=2028912
PR1T v=1 t_us=2965537609 field=crc_bad value=478588
PR1T v=1 t_us=2965537609 field=missing value=496242
PR1T v=1 t_us=2965537609 field=queue_depth value=0
PR1T v=1 t_us=2965537609 field=max_queue_depth value=1
PR1T v=1 t_us=2965537609 field=irq_to_spi_us value=5
PR1T v=1 t_us=2965537609 field=spi_duration_us value=1247
PR1T v=1 t_us=2965537609 field=rx_processing_us value=1249
PR1T v=1 t_us=2965537609 field=spi_end_to_rearm_start_us value=136
PR1T v=1 t_us=2965537609 field=rx_rearm_us value=416
PR1T v=1 t_us=2965537609 field=irq_to_rx_ready_us value=1790
PR1T v=1 t_us=2965537609 field=trace_overwrites value=22569124
PR1T v=1 t_us=2965537609 field=capability_mask value=12
PR1T v=1 t_us=3025533659 field=device_state value=2
PR1T v=1 t_us=3025533659 field=rssi_dbm value=-44
PR1T v=1 t_us=3025533659 field=crc_good value=2042159
PR1T v=1 t_us=3025533659 field=crc_bad value=486198
PR1T v=1 t_us=3025533659 field=missing value=503863
PR1T v=1 t_us=3025533659 field=queue_depth value=0
PR1T v=1 t_us=3025533659 field=max_queue_depth value=1
PR1T v=1 t_us=3025533659 field=irq_to_spi_us value=6
PR1T v=1 t_us=3025533659 field=spi_duration_us value=1242
PR1T v=1 t_us=3025533659 field=rx_processing_us value=1245
PR1T v=1 t_us=3025533659 field=spi_end_to_rearm_start_us value=135
PR1T v=1 t_us=3025533659 field=rx_rearm_us value=416
PR1T v=1 t_us=3025533659 field=irq_to_rx_ready_us value=1786
PR1T v=1 t_us=3025533659 field=trace_overwrites value=22756837
PR1T v=1 t_us=3025533659 field=capability_mask value=12
PR1T v=1 t_us=3085529800 field=device_state value=2
PR1T v=1 t_us=3085529800 field=rssi_dbm value=-45
PR1T v=1 t_us=3085529800 field=crc_good value=2056316
PR1T v=1 t_us=3085529800 field=crc_bad value=492900
PR1T v=1 t_us=3085529800 field=missing value=510574
PR1T v=1 t_us=3085529800 field=queue_depth value=0
PR1T v=1 t_us=3085529800 field=max_queue_depth value=1
PR1T v=1 t_us=3085529800 field=irq_to_spi_us value=6
PR1T v=1 t_us=3085529800 field=spi_duration_us value=1246
PR1T v=1 t_us=3085529800 field=rx_processing_us value=1248
PR1T v=1 t_us=3085529800 field=spi_end_to_rearm_start_us value=136
PR1T v=1 t_us=3085529800 field=rx_rearm_us value=416
PR1T v=1 t_us=3085529800 field=irq_to_rx_ready_us value=1788
PR1T v=1 t_us=3085529800 field=trace_overwrites value=22944568
PR1T v=1 t_us=3085529800 field=capability_mask value=12
PR1T v=1 t_us=3145523985 field=device_state value=2
PR1T v=1 t_us=3145523985 field=rssi_dbm value=-44
PR1T v=1 t_us=3145523985 field=crc_good value=2076462
PR1T v=1 t_us=3145523985 field=crc_bad value=493619
PR1T v=1 t_us=3145523985 field=missing value=511295
PR1T v=1 t_us=3145523985 field=queue_depth value=0
PR1T v=1 t_us=3145523985 field=max_queue_depth value=1
PR1T v=1 t_us=3145523985 field=irq_to_spi_us value=6
PR1T v=1 t_us=3145523985 field=spi_duration_us value=1246
PR1T v=1 t_us=3145523985 field=rx_processing_us value=1248
PR1T v=1 t_us=3145523985 field=spi_end_to_rearm_start_us value=135
PR1T v=1 t_us=3145523985 field=rx_rearm_us value=417
PR1T v=1 t_us=3145523985 field=irq_to_rx_ready_us value=1789
PR1T v=1 t_us=3145523985 field=trace_overwrites value=23132353
PR1T v=1 t_us=3145523985 field=capability_mask value=12
PR1T v=1 t_us=3205519526 field=device_state value=2
PR1T v=1 t_us=3205519526 field=rssi_dbm value=-46
PR1T v=1 t_us=3205519526 field=crc_good value=2097281
PR1T v=1 t_us=3205519526 field=crc_bad value=493667
PR1T v=1 t_us=3205519526 field=missing value=511344
PR1T v=1 t_us=3205519526 field=queue_depth value=0
PR1T v=1 t_us=3205519526 field=max_queue_depth value=1
PR1T v=1 t_us=3205519526 field=irq_to_spi_us value=5
PR1T v=1 t_us=3205519526 field=spi_duration_us value=1247
PR1T v=1 t_us=3205519526 field=rx_processing_us value=1249
PR1T v=1 t_us=3205519526 field=spi_end_to_rearm_start_us value=136
PR1T v=1 t_us=3205519526 field=rx_rearm_us value=416
PR1T v=1 t_us=3205519526 field=irq_to_rx_ready_us value=1788
PR1T v=1 t_us=3205519526 field=trace_overwrites value=23320156
PR1T v=1 t_us=3205519526 field=capability_mask value=12
PR1T v=1 t_us=3265520706 field=device_state value=2
PR1T v=1 t_us=3265520706 field=rssi_dbm value=-46
PR1T v=1 t_us=3265520706 field=crc_good value=2118142
PR1T v=1 t_us=3265520706 field=crc_bad value=493675
PR1T v=1 t_us=3265520706 field=missing value=511353
PR1T v=1 t_us=3265520706 field=queue_depth value=0
PR1T v=1 t_us=3265520706 field=max_queue_depth value=1
PR1T v=1 t_us=3265520706 field=irq_to_spi_us value=6
PR1T v=1 t_us=3265520706 field=spi_duration_us value=1245
PR1T v=1 t_us=3265520706 field=rx_processing_us value=1247
PR1T v=1 t_us=3265520706 field=spi_end_to_rearm_start_us value=135
PR1T v=1 t_us=3265520706 field=rx_rearm_us value=416
PR1T v=1 t_us=3265520706 field=irq_to_rx_ready_us value=1788
PR1T v=1 t_us=3265520706 field=trace_overwrites value=23507977
PR1T v=1 t_us=3265520706 field=capability_mask value=12
PR1T v=1 t_us=3325519601 field=device_state value=2
PR1T v=1 t_us=3325519601 field=rssi_dbm value=-44
PR1T v=1 t_us=3325519601 field=crc_good value=2139008
PR1T v=1 t_us=3325519601 field=crc_bad value=493676
PR1T v=1 t_us=3325519601 field=missing value=511356
PR1T v=1 t_us=3325519601 field=queue_depth value=0
PR1T v=1 t_us=3325519601 field=max_queue_depth value=1
PR1T v=1 t_us=3325519601 field=irq_to_spi_us value=6
PR1T v=1 t_us=3325519601 field=spi_duration_us value=1245
PR1T v=1 t_us=3325519601 field=rx_processing_us value=1247
PR1T v=1 t_us=3325519601 field=spi_end_to_rearm_start_us value=136
PR1T v=1 t_us=3325519601 field=rx_rearm_us value=417
PR1T v=1 t_us=3325519601 field=irq_to_rx_ready_us value=1789
PR1T v=1 t_us=3325519601 field=trace_overwrites value=23695780
PR1T v=1 t_us=3325519601 field=capability_mask value=12
PR1T v=1 t_us=3385530128 field=device_state value=2
PR1T v=1 t_us=3385530128 field=rssi_dbm value=-44
PR1T v=1 t_us=3385530128 field=crc_good value=2159879
PR1T v=1 t_us=3385530128 field=crc_bad value=493676
PR1T v=1 t_us=3385530128 field=missing value=511358
PR1T v=1 t_us=3385530128 field=queue_depth value=0
PR1T v=1 t_us=3385530128 field=max_queue_depth value=1
PR1T v=1 t_us=3385530128 field=irq_to_spi_us value=12
PR1T v=1 t_us=3385530128 field=spi_duration_us value=1245
PR1T v=1 t_us=3385530128 field=rx_processing_us value=1247
PR1T v=1 t_us=3385530128 field=spi_end_to_rearm_start_us value=136
PR1T v=1 t_us=3385530128 field=rx_rearm_us value=417
PR1T v=1 t_us=3385530128 field=irq_to_rx_ready_us value=1786
PR1T v=1 t_us=3385530128 field=trace_overwrites value=23883619
PR1T v=1 t_us=3385530128 field=capability_mask value=12
PR1T v=1 t_us=3445526205 field=device_state value=2
PR1T v=1 t_us=3445526205 field=rssi_dbm value=-44
PR1T v=1 t_us=3445526205 field=crc_good value=2180712
PR1T v=1 t_us=3445526205 field=crc_bad value=493691
PR1T v=1 t_us=3445526205 field=missing value=511393
PR1T v=1 t_us=3445526205 field=queue_depth value=0
PR1T v=1 t_us=3445526205 field=max_queue_depth value=1
PR1T v=1 t_us=3445526205 field=irq_to_spi_us value=11
PR1T v=1 t_us=3445526205 field=spi_duration_us value=1245
PR1T v=1 t_us=3445526205 field=rx_processing_us value=1247
PR1T v=1 t_us=3445526205 field=spi_end_to_rearm_start_us value=136
PR1T v=1 t_us=3445526205 field=rx_rearm_us value=416
PR1T v=1 t_us=3445526205 field=irq_to_rx_ready_us value=1787
PR1T v=1 t_us=3445526205 field=trace_overwrites value=24071251
PR1T v=1 t_us=3445526205 field=capability_mask value=12
PR1T v=1 t_us=3505524909 field=device_state value=2
PR1T v=1 t_us=3505524909 field=rssi_dbm value=-46
PR1T v=1 t_us=3505524909 field=crc_good value=2201577
PR1T v=1 t_us=3505524909 field=crc_bad value=493692
PR1T v=1 t_us=3505524909 field=missing value=511397
PR1T v=1 t_us=3505524909 field=queue_depth value=0
PR1T v=1 t_us=3505524909 field=max_queue_depth value=1
PR1T v=1 t_us=3505524909 field=irq_to_spi_us value=6
PR1T v=1 t_us=3505524909 field=spi_duration_us value=1244
PR1T v=1 t_us=3505524909 field=rx_processing_us value=1246
PR1T v=1 t_us=3505524909 field=spi_end_to_rearm_start_us value=136
PR1T v=1 t_us=3505524909 field=rx_rearm_us value=413
PR1T v=1 t_us=3505524909 field=irq_to_rx_ready_us value=1785
PR1T v=1 t_us=3505524909 field=trace_overwrites value=24259045
PR1T v=1 t_us=3505524909 field=capability_mask value=12
PR1T v=1 t_us=3565523930 field=device_state value=2
PR1T v=1 t_us=3565523930 field=rssi_dbm value=-44
PR1T v=1 t_us=3565523930 field=crc_good value=2222445
PR1T v=1 t_us=3565523930 field=crc_bad value=493692
PR1T v=1 t_us=3565523930 field=missing value=511398
PR1T v=1 t_us=3565523930 field=queue_depth value=0
PR1T v=1 t_us=3565523930 field=max_queue_depth value=1
PR1T v=1 t_us=3565523930 field=irq_to_spi_us value=6
PR1T v=1 t_us=3565523930 field=spi_duration_us value=1245
PR1T v=1 t_us=3565523930 field=rx_processing_us value=1247
PR1T v=1 t_us=3565523930 field=spi_end_to_rearm_start_us value=136
PR1T v=1 t_us=3565523930 field=rx_rearm_us value=416
PR1T v=1 t_us=3565523930 field=irq_to_rx_ready_us value=1789
PR1T v=1 t_us=3565523930 field=trace_overwrites value=24446857
PR1T v=1 t_us=3565523930 field=capability_mask value=12
PR1T v=1 t_us=3625519822 field=device_state value=2
PR1T v=1 t_us=3625519822 field=rssi_dbm value=-44
PR1T v=1 t_us=3625519822 field=crc_good value=2243302
PR1T v=1 t_us=3625519822 field=crc_bad value=493700
PR1T v=1 t_us=3625519822 field=missing value=511409
PR1T v=1 t_us=3625519822 field=queue_depth value=0
PR1T v=1 t_us=3625519822 field=max_queue_depth value=1
PR1T v=1 t_us=3625519822 field=irq_to_spi_us value=6
PR1T v=1 t_us=3625519822 field=spi_duration_us value=1246
PR1T v=1 t_us=3625519822 field=rx_processing_us value=1248
PR1T v=1 t_us=3625519822 field=spi_end_to_rearm_start_us value=136
PR1T v=1 t_us=3625519822 field=rx_rearm_us value=417
PR1T v=1 t_us=3625519822 field=irq_to_rx_ready_us value=1788
PR1T v=1 t_us=3625519822 field=trace_overwrites value=24634642
PR1T v=1 t_us=3625519822 field=capability_mask value=12
PR1T v=1 t_us=3685516516 field=device_state value=2
PR1T v=1 t_us=3685516516 field=rssi_dbm value=-45
PR1T v=1 t_us=3685516516 field=crc_good value=2264155
PR1T v=1 t_us=3685516516 field=crc_bad value=493702
PR1T v=1 t_us=3685516516 field=missing value=511424
PR1T v=1 t_us=3685516516 field=queue_depth value=0
PR1T v=1 t_us=3685516516 field=max_queue_depth value=1
PR1T v=1 t_us=3685516516 field=irq_to_spi_us value=6
PR1T v=1 t_us=3685516516 field=spi_duration_us value=1245
PR1T v=1 t_us=3685516516 field=rx_processing_us value=1247
PR1T v=1 t_us=3685516516 field=spi_end_to_rearm_start_us value=135
PR1T v=1 t_us=3685516516 field=rx_rearm_us value=416
PR1T v=1 t_us=3685516516 field=irq_to_rx_ready_us value=1788
PR1T v=1 t_us=3685516516 field=trace_overwrites value=24822337
PR1T v=1 t_us=3685516516 field=capability_mask value=12
PR1T v=1 t_us=3745514746 field=device_state value=2
PR1T v=1 t_us=3745514746 field=rssi_dbm value=-44
PR1T v=1 t_us=3745514746 field=crc_good value=2285013
PR1T v=1 t_us=3745514746 field=crc_bad value=493708
PR1T v=1 t_us=3745514746 field=missing value=511435
PR1T v=1 t_us=3745514746 field=queue_depth value=0
PR1T v=1 t_us=3745514746 field=max_queue_depth value=1
PR1T v=1 t_us=3745514746 field=irq_to_spi_us value=6
PR1T v=1 t_us=3745514746 field=spi_duration_us value=1245
PR1T v=1 t_us=3745514746 field=rx_processing_us value=1247
PR1T v=1 t_us=3745514746 field=spi_end_to_rearm_start_us value=135
PR1T v=1 t_us=3745514746 field=rx_rearm_us value=417
PR1T v=1 t_us=3745514746 field=irq_to_rx_ready_us value=1789
PR1T v=1 t_us=3745514746 field=trace_overwrites value=25010113
PR1T v=1 t_us=3745514746 field=capability_mask value=12
PR1T v=1 t_us=3805513705 field=device_state value=2
PR1T v=1 t_us=3805513705 field=rssi_dbm value=-44
PR1T v=1 t_us=3805513705 field=crc_good value=2305875
PR1T v=1 t_us=3805513705 field=crc_bad value=493712
PR1T v=1 t_us=3805513705 field=missing value=511442
PR1T v=1 t_us=3805513705 field=queue_depth value=0
PR1T v=1 t_us=3805513705 field=max_queue_depth value=1
PR1T v=1 t_us=3805513705 field=irq_to_spi_us value=5
PR1T v=1 t_us=3805513705 field=spi_duration_us value=1246
PR1T v=1 t_us=3805513705 field=rx_processing_us value=1247
PR1T v=1 t_us=3805513705 field=spi_end_to_rearm_start_us value=135
PR1T v=1 t_us=3805513705 field=rx_rearm_us value=417
PR1T v=1 t_us=3805513705 field=irq_to_rx_ready_us value=1787
PR1T v=1 t_us=3805513705 field=trace_overwrites value=25197907
PR1T v=1 t_us=3805513705 field=capability_mask value=12
PR1T v=1 t_us=3865509971 field=device_state value=2
PR1T v=1 t_us=3865509971 field=rssi_dbm value=-44
PR1T v=1 t_us=3865509971 field=crc_good value=2326742
PR1T v=1 t_us=3865509971 field=crc_bad value=493712
PR1T v=1 t_us=3865509971 field=missing value=511443
PR1T v=1 t_us=3865509971 field=queue_depth value=0
PR1T v=1 t_us=3865509971 field=max_queue_depth value=1
PR1T v=1 t_us=3865509971 field=irq_to_spi_us value=5
PR1T v=1 t_us=3865509971 field=spi_duration_us value=1245
PR1T v=1 t_us=3865509971 field=rx_processing_us value=1247
PR1T v=1 t_us=3865509971 field=spi_end_to_rearm_start_us value=136
PR1T v=1 t_us=3865509971 field=rx_rearm_us value=413
PR1T v=1 t_us=3865509971 field=irq_to_rx_ready_us value=1786
PR1T v=1 t_us=3865509971 field=trace_overwrites value=25385710
PR1T v=1 t_us=3865509971 field=capability_mask value=12
PR1T v=1 t_us=3925508569 field=device_state value=2
PR1T v=1 t_us=3925508569 field=rssi_dbm value=-45
PR1T v=1 t_us=3925508569 field=crc_good value=2347610
PR1T v=1 t_us=3925508569 field=crc_bad value=493712
PR1T v=1 t_us=3925508569 field=missing value=511444
PR1T v=1 t_us=3925508569 field=queue_depth value=0
PR1T v=1 t_us=3925508569 field=max_queue_depth value=1
PR1T v=1 t_us=3925508569 field=irq_to_spi_us value=6
PR1T v=1 t_us=3925508569 field=spi_duration_us value=1250
PR1T v=1 t_us=3925508569 field=rx_processing_us value=1251
PR1T v=1 t_us=3925508569 field=spi_end_to_rearm_start_us value=136
PR1T v=1 t_us=3925508569 field=rx_rearm_us value=416
PR1T v=1 t_us=3925508569 field=irq_to_rx_ready_us value=1790
PR1T v=1 t_us=3925508569 field=trace_overwrites value=25573522
PR1T v=1 t_us=3925508569 field=capability_mask value=12
PR1T v=1 t_us=3985511385 field=device_state value=2
PR1T v=1 t_us=3985511385 field=rssi_dbm value=-45
PR1T v=1 t_us=3985511385 field=crc_good value=2368474
PR1T v=1 t_us=3985511385 field=crc_bad value=493716
PR1T v=1 t_us=3985511385 field=missing value=511450
PR1T v=1 t_us=3985511385 field=queue_depth value=0
PR1T v=1 t_us=3985511385 field=max_queue_depth value=1
PR1T v=1 t_us=3985511385 field=irq_to_spi_us value=6
PR1T v=1 t_us=3985511385 field=spi_duration_us value=1247
PR1T v=1 t_us=3985511385 field=rx_processing_us value=1249
PR1T v=1 t_us=3985511385 field=spi_end_to_rearm_start_us value=136
PR1T v=1 t_us=3985511385 field=rx_rearm_us value=417
PR1T v=1 t_us=3985511385 field=irq_to_rx_ready_us value=1789
PR1T v=1 t_us=3985511385 field=trace_overwrites value=25761334
PR1T v=1 t_us=3985511385 field=capability_mask value=12
PR1T v=1 t_us=4045520706 field=device_state value=2
PR1T v=1 t_us=4045520706 field=rssi_dbm value=-45
PR1T v=1 t_us=4045520706 field=crc_good value=2389331
PR1T v=1 t_us=4045520706 field=crc_bad value=493727
PR1T v=1 t_us=4045520706 field=missing value=511466
PR1T v=1 t_us=4045520706 field=queue_depth value=0
PR1T v=1 t_us=4045520706 field=max_queue_depth value=1
PR1T v=1 t_us=4045520706 field=irq_to_spi_us value=6
PR1T v=1 t_us=4045520706 field=spi_duration_us value=1245
PR1T v=1 t_us=4045520706 field=rx_processing_us value=1247
PR1T v=1 t_us=4045520706 field=spi_end_to_rearm_start_us value=136
PR1T v=1 t_us=4045520706 field=rx_rearm_us value=416
PR1T v=1 t_us=4045520706 field=irq_to_rx_ready_us value=1787
PR1T v=1 t_us=4045520706 field=trace_overwrites value=25949146
PR1T v=1 t_us=4045520706 field=capability_mask value=12
PR1T v=1 t_us=4105516747 field=device_state value=2
PR1T v=1 t_us=4105516747 field=rssi_dbm value=-44
PR1T v=1 t_us=4105516747 field=crc_good value=2410189
PR1T v=1 t_us=4105516747 field=crc_bad value=493733
PR1T v=1 t_us=4105516747 field=missing value=511476
PR1T v=1 t_us=4105516747 field=queue_depth value=0
PR1T v=1 t_us=4105516747 field=max_queue_depth value=1
PR1T v=1 t_us=4105516747 field=irq_to_spi_us value=13
PR1T v=1 t_us=4105516747 field=spi_duration_us value=1246
PR1T v=1 t_us=4105516747 field=rx_processing_us value=1248
PR1T v=1 t_us=4105516747 field=spi_end_to_rearm_start_us value=136
PR1T v=1 t_us=4105516747 field=rx_rearm_us value=417
PR1T v=1 t_us=4105516747 field=irq_to_rx_ready_us value=1788
PR1T v=1 t_us=4105516747 field=trace_overwrites value=26136922
PR1T v=1 t_us=4105516747 field=capability_mask value=12
PR1T v=1 t_us=4165515954 field=device_state value=2
PR1T v=1 t_us=4165515954 field=rssi_dbm value=-44
PR1T v=1 t_us=4165515954 field=crc_good value=2431049
PR1T v=1 t_us=4165515954 field=crc_bad value=493740
PR1T v=1 t_us=4165515954 field=missing value=511485
PR1T v=1 t_us=4165515954 field=queue_depth value=0
PR1T v=1 t_us=4165515954 field=max_queue_depth value=1
PR1T v=1 t_us=4165515954 field=irq_to_spi_us value=8
PR1T v=1 t_us=4165515954 field=spi_duration_us value=1242
PR1T v=1 t_us=4165515954 field=rx_processing_us value=1244
PR1T v=1 t_us=4165515954 field=spi_end_to_rearm_start_us value=136
PR1T v=1 t_us=4165515954 field=rx_rearm_us value=416
PR1T v=1 t_us=4165515954 field=irq_to_rx_ready_us value=1787
PR1T v=1 t_us=4165515954 field=trace_overwrites value=26324725
PR1T v=1 t_us=4165515954 field=capability_mask value=12
PR1T v=1 t_us=4225514534 field=device_state value=2
PR1T v=1 t_us=4225514534 field=rssi_dbm value=-45
PR1T v=1 t_us=4225514534 field=crc_good value=2451917
PR1T v=1 t_us=4225514534 field=crc_bad value=493740
PR1T v=1 t_us=4225514534 field=missing value=511486
PR1T v=1 t_us=4225514534 field=queue_depth value=0
PR1T v=1 t_us=4225514534 field=max_queue_depth value=1
PR1T v=1 t_us=4225514534 field=irq_to_spi_us value=6
PR1T v=1 t_us=4225514534 field=spi_duration_us value=1250
PR1T v=1 t_us=4225514534 field=rx_processing_us value=1252
PR1T v=1 t_us=4225514534 field=spi_end_to_rearm_start_us value=135
PR1T v=1 t_us=4225514534 field=rx_rearm_us value=417
PR1T v=1 t_us=4225514534 field=irq_to_rx_ready_us value=1789
PR1T v=1 t_us=4225514534 field=trace_overwrites value=26512537
PR1T v=1 t_us=4225514534 field=capability_mask value=12
PR1T v=1 t_us=4285508777 field=device_state value=2
PR1T v=1 t_us=4285508777 field=rssi_dbm value=-45
PR1T v=1 t_us=4285508777 field=crc_good value=2472782
PR1T v=1 t_us=4285508777 field=crc_bad value=493741
PR1T v=1 t_us=4285508777 field=missing value=511488
PR1T v=1 t_us=4285508777 field=queue_depth value=0
PR1T v=1 t_us=4285508777 field=max_queue_depth value=1
PR1T v=1 t_us=4285508777 field=irq_to_spi_us value=6
PR1T v=1 t_us=4285508777 field=spi_duration_us value=1248
PR1T v=1 t_us=4285508777 field=rx_processing_us value=1250
PR1T v=1 t_us=4285508777 field=spi_end_to_rearm_start_us value=136
PR1T v=1 t_us=4285508777 field=rx_rearm_us value=416
PR1T v=1 t_us=4285508777 field=irq_to_rx_ready_us value=1791
PR1T v=1 t_us=4285508777 field=trace_overwrites value=26700331
PR1T v=1 t_us=4285508777 field=capability_mask value=12
PR1T v=1 t_us=50536749 field=device_state value=2
PR1T v=1 t_us=50536749 field=rssi_dbm value=-45
PR1T v=1 t_us=50536749 field=crc_good value=2493648
PR1T v=1 t_us=50536749 field=crc_bad value=493741
PR1T v=1 t_us=50536749 field=missing value=511490
PR1T v=1 t_us=50536749 field=queue_depth value=0
PR1T v=1 t_us=50536749 field=max_queue_depth value=1
PR1T v=1 t_us=50536749 field=irq_to_spi_us value=6
PR1T v=1 t_us=50536749 field=spi_duration_us value=1247
PR1T v=1 t_us=50536749 field=rx_processing_us value=1249
PR1T v=1 t_us=50536749 field=spi_end_to_rearm_start_us value=135
PR1T v=1 t_us=50536749 field=rx_rearm_us value=417
PR1T v=1 t_us=50536749 field=irq_to_rx_ready_us value=1790
PR1T v=1 t_us=50536749 field=trace_overwrites value=26888125
PR1T v=1 t_us=50536749 field=capability_mask value=12
PR1T v=1 t_us=110535325 field=device_state value=2
PR1T v=1 t_us=110535325 field=rssi_dbm value=-45
PR1T v=1 t_us=110535325 field=crc_good value=2514513
PR1T v=1 t_us=110535325 field=crc_bad value=493741
PR1T v=1 t_us=110535325 field=missing value=511494
PR1T v=1 t_us=110535325 field=queue_depth value=0
PR1T v=1 t_us=110535325 field=max_queue_depth value=1
PR1T v=1 t_us=110535325 field=irq_to_spi_us value=5
PR1T v=1 t_us=110535325 field=spi_duration_us value=1249
PR1T v=1 t_us=110535325 field=rx_processing_us value=1251
PR1T v=1 t_us=110535325 field=spi_end_to_rearm_start_us value=136
PR1T v=1 t_us=110535325 field=rx_rearm_us value=416
PR1T v=1 t_us=110535325 field=irq_to_rx_ready_us value=1789
PR1T v=1 t_us=110535325 field=trace_overwrites value=27075910
PR1T v=1 t_us=110535325 field=capability_mask value=12
PR1T v=1 t_us=170534226 field=device_state value=2
PR1T v=1 t_us=170534226 field=rssi_dbm value=-45
PR1T v=1 t_us=170534226 field=crc_good value=2535378
PR1T v=1 t_us=170534226 field=crc_bad value=493744
PR1T v=1 t_us=170534226 field=missing value=511498
PR1T v=1 t_us=170534226 field=queue_depth value=0
PR1T v=1 t_us=170534226 field=max_queue_depth value=1
PR1T v=1 t_us=170534226 field=irq_to_spi_us value=12
PR1T v=1 t_us=170534226 field=spi_duration_us value=1249
PR1T v=1 t_us=170534226 field=rx_processing_us value=1251
PR1T v=1 t_us=170534226 field=spi_end_to_rearm_start_us value=136
PR1T v=1 t_us=170534226 field=rx_rearm_us value=417
PR1T v=1 t_us=170534226 field=irq_to_rx_ready_us value=1790
PR1T v=1 t_us=170534226 field=trace_overwrites value=27263722
PR1T v=1 t_us=170534226 field=capability_mask value=12
PR1T v=1 t_us=230544542 field=device_state value=2
PR1T v=1 t_us=230544542 field=rssi_dbm value=-44
PR1T v=1 t_us=230544542 field=crc_good value=2556244
PR1T v=1 t_us=230544542 field=crc_bad value=493745
PR1T v=1 t_us=230544542 field=missing value=511505
PR1T v=1 t_us=230544542 field=queue_depth value=0
PR1T v=1 t_us=230544542 field=max_queue_depth value=1
PR1T v=1 t_us=230544542 field=irq_to_spi_us value=6
PR1T v=1 t_us=230544542 field=spi_duration_us value=1245
PR1T v=1 t_us=230544542 field=rx_processing_us value=1247
PR1T v=1 t_us=230544542 field=spi_end_to_rearm_start_us value=136
PR1T v=1 t_us=230544542 field=rx_rearm_us value=416
PR1T v=1 t_us=230544542 field=irq_to_rx_ready_us value=1788
PR1T v=1 t_us=230544542 field=trace_overwrites value=27451525
PR1T v=1 t_us=230544542 field=capability_mask value=12
PR1T v=1 t_us=290540518 field=device_state value=2
PR1T v=1 t_us=290540518 field=rssi_dbm value=-44
PR1T v=1 t_us=290540518 field=crc_good value=2577108
PR1T v=1 t_us=290540518 field=crc_bad value=493745
PR1T v=1 t_us=290540518 field=missing value=511509
PR1T v=1 t_us=290540518 field=queue_depth value=0
PR1T v=1 t_us=290540518 field=max_queue_depth value=1
PR1T v=1 t_us=290540518 field=irq_to_spi_us value=6
PR1T v=1 t_us=290540518 field=spi_duration_us value=1247
PR1T v=1 t_us=290540518 field=rx_processing_us value=1249
PR1T v=1 t_us=290540518 field=spi_end_to_rearm_start_us value=136
PR1T v=1 t_us=290540518 field=rx_rearm_us value=416
PR1T v=1 t_us=290540518 field=irq_to_rx_ready_us value=1791
PR1T v=1 t_us=290540518 field=trace_overwrites value=27639301
PR1T v=1 t_us=290540518 field=capability_mask value=12
PR1T v=1 t_us=350536707 field=device_state value=2
PR1T v=1 t_us=350536707 field=rssi_dbm value=-44
PR1T v=1 t_us=350536707 field=crc_good value=2597965
PR1T v=1 t_us=350536707 field=crc_bad value=493749
PR1T v=1 t_us=350536707 field=missing value=511520
PR1T v=1 t_us=350536707 field=queue_depth value=0
PR1T v=1 t_us=350536707 field=max_queue_depth value=1
PR1T v=1 t_us=350536707 field=irq_to_spi_us value=6
PR1T v=1 t_us=350536707 field=spi_duration_us value=1245
PR1T v=1 t_us=350536707 field=rx_processing_us value=1246
PR1T v=1 t_us=350536707 field=spi_end_to_rearm_start_us value=137
PR1T v=1 t_us=350536707 field=rx_rearm_us value=416
PR1T v=1 t_us=350536707 field=irq_to_rx_ready_us value=1785
PR1T v=1 t_us=350536707 field=trace_overwrites value=27827050
PR1T v=1 t_us=350536707 field=capability_mask value=12
PR1T v=1 t_us=410532946 field=device_state value=2
PR1T v=1 t_us=410532946 field=rssi_dbm value=-45
PR1T v=1 t_us=410532946 field=crc_good value=2618822
PR1T v=1 t_us=410532946 field=crc_bad value=493751
PR1T v=1 t_us=410532946 field=missing value=511531
PR1T v=1 t_us=410532946 field=queue_depth value=0
PR1T v=1 t_us=410532946 field=max_queue_depth value=1
PR1T v=1 t_us=410532946 field=irq_to_spi_us value=6
PR1T v=1 t_us=410532946 field=spi_duration_us value=1245
PR1T v=1 t_us=410532946 field=rx_processing_us value=1247
PR1T v=1 t_us=410532946 field=spi_end_to_rearm_start_us value=136
PR1T v=1 t_us=410532946 field=rx_rearm_us value=415
PR1T v=1 t_us=410532946 field=irq_to_rx_ready_us value=1788
PR1T v=1 t_us=410532946 field=trace_overwrites value=28014781
PR1T v=1 t_us=410532946 field=capability_mask value=12
PR1T v=1 t_us=470531453 field=device_state value=2
PR1T v=1 t_us=470531453 field=rssi_dbm value=-43
PR1T v=1 t_us=470531453 field=crc_good value=2639675
PR1T v=1 t_us=470531453 field=crc_bad value=493756
PR1T v=1 t_us=470531453 field=missing value=511547
PR1T v=1 t_us=470531453 field=queue_depth value=0
PR1T v=1 t_us=470531453 field=max_queue_depth value=1
PR1T v=1 t_us=470531453 field=irq_to_spi_us value=6
PR1T v=1 t_us=470531453 field=spi_duration_us value=1245
PR1T v=1 t_us=470531453 field=rx_processing_us value=1247
PR1T v=1 t_us=470531453 field=spi_end_to_rearm_start_us value=135
PR1T v=1 t_us=470531453 field=rx_rearm_us value=417
PR1T v=1 t_us=470531453 field=irq_to_rx_ready_us value=1787
PR1T v=1 t_us=470531453 field=trace_overwrites value=28202503
PR1T v=1 t_us=470531453 field=capability_mask value=12
PR1T v=1 t_us=530527459 field=device_state value=2
PR1T v=1 t_us=530527459 field=rssi_dbm value=-45
PR1T v=1 t_us=530527459 field=crc_good value=2660530
PR1T v=1 t_us=530527459 field=crc_bad value=493762
PR1T v=1 t_us=530527459 field=missing value=511560
PR1T v=1 t_us=530527459 field=queue_depth value=0
PR1T v=1 t_us=530527459 field=max_queue_depth value=1
PR1T v=1 t_us=530527459 field=irq_to_spi_us value=13
PR1T v=1 t_us=530527459 field=spi_duration_us value=1244
PR1T v=1 t_us=530527459 field=rx_processing_us value=1246
PR1T v=1 t_us=530527459 field=spi_end_to_rearm_start_us value=137
PR1T v=1 t_us=530527459 field=rx_rearm_us value=417
PR1T v=1 t_us=530527459 field=irq_to_rx_ready_us value=1788
PR1T v=1 t_us=530527459 field=trace_overwrites value=28390252
PR1T v=1 t_us=530527459 field=capability_mask value=12
PR1T v=1 t_us=590540740 field=device_state value=2
PR1T v=1 t_us=590540740 field=rssi_dbm value=-45
PR1T v=1 t_us=590540740 field=crc_good value=2681400
PR1T v=1 t_us=590540740 field=crc_bad value=493763
PR1T v=1 t_us=590540740 field=missing value=511564
PR1T v=1 t_us=590540740 field=queue_depth value=0
PR1T v=1 t_us=590540740 field=max_queue_depth value=1
PR1T v=1 t_us=590540740 field=irq_to_spi_us value=5
PR1T v=1 t_us=590540740 field=spi_duration_us value=1245
PR1T v=1 t_us=590540740 field=rx_processing_us value=1247
PR1T v=1 t_us=590540740 field=spi_end_to_rearm_start_us value=136
PR1T v=1 t_us=590540740 field=rx_rearm_us value=413
PR1T v=1 t_us=590540740 field=irq_to_rx_ready_us value=1788
PR1T v=1 t_us=590540740 field=trace_overwrites value=28578091
PR1T v=1 t_us=590540740 field=capability_mask value=12
PR1T v=1 t_us=650536754 field=device_state value=2
PR1T v=1 t_us=650536754 field=rssi_dbm value=-44
PR1T v=1 t_us=650536754 field=crc_good value=2702267
PR1T v=1 t_us=650536754 field=crc_bad value=493763
PR1T v=1 t_us=650536754 field=missing value=511565
PR1T v=1 t_us=650536754 field=queue_depth value=0
PR1T v=1 t_us=650536754 field=max_queue_depth value=1
PR1T v=1 t_us=650536754 field=irq_to_spi_us value=6
PR1T v=1 t_us=650536754 field=spi_duration_us value=1247
PR1T v=1 t_us=650536754 field=rx_processing_us value=1249
PR1T v=1 t_us=650536754 field=spi_end_to_rearm_start_us value=136
PR1T v=1 t_us=650536754 field=rx_rearm_us value=416
PR1T v=1 t_us=650536754 field=irq_to_rx_ready_us value=1789
PR1T v=1 t_us=650536754 field=trace_overwrites value=28765894
PR1T v=1 t_us=650536754 field=capability_mask value=12
PR1T v=1 t_us=710535776 field=device_state value=2
PR1T v=1 t_us=710535776 field=rssi_dbm value=-44
PR1T v=1 t_us=710535776 field=crc_good value=2723131
PR1T v=1 t_us=710535776 field=crc_bad value=493765
PR1T v=1 t_us=710535776 field=missing value=511570
PR1T v=1 t_us=710535776 field=queue_depth value=0
PR1T v=1 t_us=710535776 field=max_queue_depth value=1
PR1T v=1 t_us=710535776 field=irq_to_spi_us value=5
PR1T v=1 t_us=710535776 field=spi_duration_us value=1246
PR1T v=1 t_us=710535776 field=rx_processing_us value=1248
PR1T v=1 t_us=710535776 field=spi_end_to_rearm_start_us value=135
PR1T v=1 t_us=710535776 field=rx_rearm_us value=417
PR1T v=1 t_us=710535776 field=irq_to_rx_ready_us value=1788
PR1T v=1 t_us=710535776 field=trace_overwrites value=28953688
PR1T v=1 t_us=710535776 field=capability_mask value=12
PR1T v=1 t_us=770532674 field=device_state value=2
PR1T v=1 t_us=770532674 field=rssi_dbm value=-45
PR1T v=1 t_us=770532674 field=crc_good value=2743992
PR1T v=1 t_us=770532674 field=crc_bad value=493767
PR1T v=1 t_us=770532674 field=missing value=511577
PR1T v=1 t_us=770532674 field=queue_depth value=0
PR1T v=1 t_us=770532674 field=max_queue_depth value=1
PR1T v=1 t_us=770532674 field=irq_to_spi_us value=6
PR1T v=1 t_us=770532674 field=spi_duration_us value=1245
PR1T v=1 t_us=770532674 field=rx_processing_us value=1247
PR1T v=1 t_us=770532674 field=spi_end_to_rearm_start_us value=135
PR1T v=1 t_us=770532674 field=rx_rearm_us value=416
PR1T v=1 t_us=770532674 field=irq_to_rx_ready_us value=1788
PR1T v=1 t_us=770532674 field=trace_overwrites value=29141463
PR1T v=1 t_us=770532674 field=capability_mask value=12
PR1T v=1 t_us=830527834 field=device_state value=2
PR1T v=1 t_us=830527834 field=rssi_dbm value=-45
PR1T v=1 t_us=830527834 field=crc_good value=2764858
PR1T v=1 t_us=830527834 field=crc_bad value=493767
PR1T v=1 t_us=830527834 field=missing value=511579
PR1T v=1 t_us=830527834 field=queue_depth value=0
PR1T v=1 t_us=830527834 field=max_queue_depth value=1
PR1T v=1 t_us=830527834 field=irq_to_spi_us value=13
PR1T v=1 t_us=830527834 field=spi_duration_us value=1246
PR1T v=1 t_us=830527834 field=rx_processing_us value=1248
PR1T v=1 t_us=830527834 field=spi_end_to_rearm_start_us value=136
PR1T v=1 t_us=830527834 field=rx_rearm_us value=417
PR1T v=1 t_us=830527834 field=irq_to_rx_ready_us value=1790
PR1T v=1 t_us=830527834 field=trace_overwrites value=29329257
PR1T v=1 t_us=830527834 field=capability_mask value=12
PR1T v=1 t_us=890523848 field=device_state value=2
PR1T v=1 t_us=890523848 field=rssi_dbm value=-45
PR1T v=1 t_us=890523848 field=crc_good value=2785725
PR1T v=1 t_us=890523848 field=crc_bad value=493767
PR1T v=1 t_us=890523848 field=missing value=511580
PR1T v=1 t_us=890523848 field=queue_depth value=0
PR1T v=1 t_us=890523848 field=max_queue_depth value=1
PR1T v=1 t_us=890523848 field=irq_to_spi_us value=8
PR1T v=1 t_us=890523848 field=spi_duration_us value=1242
PR1T v=1 t_us=890523848 field=rx_processing_us value=1244
PR1T v=1 t_us=890523848 field=spi_end_to_rearm_start_us value=136
PR1T v=1 t_us=890523848 field=rx_rearm_us value=415
PR1T v=1 t_us=890523848 field=irq_to_rx_ready_us value=1788
PR1T v=1 t_us=890523848 field=trace_overwrites value=29517060
PR1T v=1 t_us=890523848 field=capability_mask value=12
PR1T v=1 t_us=950534445 field=device_state value=2
PR1T v=1 t_us=950534445 field=rssi_dbm value=-44
PR1T v=1 t_us=950534445 field=crc_good value=2806596
PR1T v=1 t_us=950534445 field=crc_bad value=493768
PR1T v=1 t_us=950534445 field=missing value=511582
PR1T v=1 t_us=950534445 field=queue_depth value=0
PR1T v=1 t_us=950534445 field=max_queue_depth value=1
PR1T v=1 t_us=950534445 field=irq_to_spi_us value=6
PR1T v=1 t_us=950534445 field=spi_duration_us value=1247
PR1T v=1 t_us=950534445 field=rx_processing_us value=1248
PR1T v=1 t_us=950534445 field=spi_end_to_rearm_start_us value=136
PR1T v=1 t_us=950534445 field=rx_rearm_us value=413
PR1T v=1 t_us=950534445 field=irq_to_rx_ready_us value=1786
PR1T v=1 t_us=950534445 field=trace_overwrites value=29704908
PR1T v=1 t_us=950534445 field=capability_mask value=12
PR1T v=1 t_us=1010530583 field=device_state value=2
PR1T v=1 t_us=1010530583 field=rssi_dbm value=-43
PR1T v=1 t_us=1010530583 field=crc_good value=2827463
PR1T v=1 t_us=1010530583 field=crc_bad value=493768
PR1T v=1 t_us=1010530583 field=missing value=511583
PR1T v=1 t_us=1010530583 field=queue_depth value=0
PR1T v=1 t_us=1010530583 field=max_queue_depth value=1
PR1T v=1 t_us=1010530583 field=irq_to_spi_us value=6
PR1T v=1 t_us=1010530583 field=spi_duration_us value=1246
PR1T v=1 t_us=1010530583 field=rx_processing_us value=1248
PR1T v=1 t_us=1010530583 field=spi_end_to_rearm_start_us value=136
PR1T v=1 t_us=1010530583 field=rx_rearm_us value=416
PR1T v=1 t_us=1010530583 field=irq_to_rx_ready_us value=1787
PR1T v=1 t_us=1010530583 field=trace_overwrites value=29892711
PR1T v=1 t_us=1010530583 field=capability_mask value=12
PR1T v=1 t_us=1070529037 field=device_state value=2
PR1T v=1 t_us=1070529037 field=rssi_dbm value=-46
PR1T v=1 t_us=1070529037 field=crc_good value=2848324
PR1T v=1 t_us=1070529037 field=crc_bad value=493771
PR1T v=1 t_us=1070529037 field=missing value=511591
PR1T v=1 t_us=1070529037 field=queue_depth value=0
PR1T v=1 t_us=1070529037 field=max_queue_depth value=1
PR1T v=1 t_us=1070529037 field=irq_to_spi_us value=6
PR1T v=1 t_us=1070529037 field=spi_duration_us value=1247
PR1T v=1 t_us=1070529037 field=rx_processing_us value=1249
PR1T v=1 t_us=1070529037 field=spi_end_to_rearm_start_us value=136
PR1T v=1 t_us=1070529037 field=rx_rearm_us value=417
PR1T v=1 t_us=1070529037 field=irq_to_rx_ready_us value=1790
PR1T v=1 t_us=1070529037 field=trace_overwrites value=30080487
PR1T v=1 t_us=1070529037 field=capability_mask value=12
PR1T v=1 t_us=1130525116 field=device_state value=2
PR1T v=1 t_us=1130525116 field=rssi_dbm value=-46
PR1T v=1 t_us=1130525116 field=crc_good value=2869183
PR1T v=1 t_us=1130525116 field=crc_bad value=493772
PR1T v=1 t_us=1130525116 field=missing value=511600
PR1T v=1 t_us=1130525116 field=queue_depth value=0
PR1T v=1 t_us=1130525116 field=max_queue_depth value=1
PR1T v=1 t_us=1130525116 field=irq_to_spi_us value=6
PR1T v=1 t_us=1130525116 field=spi_duration_us value=1246
PR1T v=1 t_us=1130525116 field=rx_processing_us value=1247
PR1T v=1 t_us=1130525116 field=spi_end_to_rearm_start_us value=136
PR1T v=1 t_us=1130525116 field=rx_rearm_us value=415
PR1T v=1 t_us=1130525116 field=irq_to_rx_ready_us value=1786
PR1T v=1 t_us=1130525116 field=trace_overwrites value=30268227
PR1T v=1 t_us=1130525116 field=capability_mask value=12
PR1T v=1 t_us=1190524268 field=device_state value=2
PR1T v=1 t_us=1190524268 field=rssi_dbm value=-45
PR1T v=1 t_us=1190524268 field=crc_good value=2890037
PR1T v=1 t_us=1190524268 field=crc_bad value=493773
PR1T v=1 t_us=1190524268 field=missing value=511615
PR1T v=1 t_us=1190524268 field=queue_depth value=0
PR1T v=1 t_us=1190524268 field=max_queue_depth value=1
PR1T v=1 t_us=1190524268 field=irq_to_spi_us value=11
PR1T v=1 t_us=1190524268 field=spi_duration_us value=1245
PR1T v=1 t_us=1190524268 field=rx_processing_us value=1246
PR1T v=1 t_us=1190524268 field=spi_end_to_rearm_start_us value=136
PR1T v=1 t_us=1190524268 field=rx_rearm_us value=417
PR1T v=1 t_us=1190524268 field=irq_to_rx_ready_us value=1787
PR1T v=1 t_us=1190524268 field=trace_overwrites value=30455922
PR1T v=1 t_us=1190524268 field=capability_mask value=12
PR1T v=1 t_us=1250520984 field=device_state value=2
PR1T v=1 t_us=1250520984 field=rssi_dbm value=-45
PR1T v=1 t_us=1250520984 field=crc_good value=2910904
PR1T v=1 t_us=1250520984 field=crc_bad value=493773
PR1T v=1 t_us=1250520984 field=missing value=511616
PR1T v=1 t_us=1250520984 field=queue_depth value=0
PR1T v=1 t_us=1250520984 field=max_queue_depth value=1
PR1T v=1 t_us=1250520984 field=irq_to_spi_us value=6
PR1T v=1 t_us=1250520984 field=spi_duration_us value=1243
PR1T v=1 t_us=1250520984 field=rx_processing_us value=1245
PR1T v=1 t_us=1250520984 field=spi_end_to_rearm_start_us value=136
PR1T v=1 t_us=1250520984 field=rx_rearm_us value=416
PR1T v=1 t_us=1250520984 field=irq_to_rx_ready_us value=1785
PR1T v=1 t_us=1250520984 field=trace_overwrites value=30643725
PR1T v=1 t_us=1250520984 field=capability_mask value=12
PR1T v=1 t_us=1310519695 field=device_state value=2
PR1T v=1 t_us=1310519695 field=rssi_dbm value=-46
PR1T v=1 t_us=1310519695 field=crc_good value=2931771
PR1T v=1 t_us=1310519695 field=crc_bad value=493774
PR1T v=1 t_us=1310519695 field=missing value=511618
PR1T v=1 t_us=1310519695 field=queue_depth value=0
PR1T v=1 t_us=1310519695 field=max_queue_depth value=1
PR1T v=1 t_us=1310519695 field=irq_to_spi_us value=6
PR1T v=1 t_us=1310519695 field=spi_duration_us value=1242
PR1T v=1 t_us=1310519695 field=rx_processing_us value=1244
PR1T v=1 t_us=1310519695 field=spi_end_to_rearm_start_us value=134
PR1T v=1 t_us=1310519695 field=rx_rearm_us value=413
PR1T v=1 t_us=1310519695 field=irq_to_rx_ready_us value=1784
PR1T v=1 t_us=1310519695 field=trace_overwrites value=30831537
PR1T v=1 t_us=1310519695 field=capability_mask value=12
PR1T v=1 t_us=1370517900 field=device_state value=2
PR1T v=1 t_us=1370517900 field=rssi_dbm value=-45
PR1T v=1 t_us=1370517900 field=crc_good value=2952636
PR1T v=1 t_us=1370517900 field=crc_bad value=493776
PR1T v=1 t_us=1370517900 field=missing value=511622
PR1T v=1 t_us=1370517900 field=queue_depth value=0
PR1T v=1 t_us=1370517900 field=max_queue_depth value=1
PR1T v=1 t_us=1370517900 field=irq_to_spi_us value=6
PR1T v=1 t_us=1370517900 field=spi_duration_us value=1248
PR1T v=1 t_us=1370517900 field=rx_processing_us value=1250
PR1T v=1 t_us=1370517900 field=spi_end_to_rearm_start_us value=136
PR1T v=1 t_us=1370517900 field=rx_rearm_us value=416
PR1T v=1 t_us=1370517900 field=irq_to_rx_ready_us value=1790
PR1T v=1 t_us=1370517900 field=trace_overwrites value=31019340
PR1T v=1 t_us=1370517900 field=capability_mask value=12
PR1T v=1 t_us=1430514569 field=device_state value=2
PR1T v=1 t_us=1430514569 field=rssi_dbm value=-46
PR1T v=1 t_us=1430514569 field=crc_good value=2973503
PR1T v=1 t_us=1430514569 field=crc_bad value=493776
PR1T v=1 t_us=1430514569 field=missing value=511623
PR1T v=1 t_us=1430514569 field=queue_depth value=0
PR1T v=1 t_us=1430514569 field=max_queue_depth value=1
PR1T v=1 t_us=1430514569 field=irq_to_spi_us value=6
PR1T v=1 t_us=1430514569 field=spi_duration_us value=1248
PR1T v=1 t_us=1430514569 field=rx_processing_us value=1250
PR1T v=1 t_us=1430514569 field=spi_end_to_rearm_start_us value=136
PR1T v=1 t_us=1430514569 field=rx_rearm_us value=417
PR1T v=1 t_us=1430514569 field=irq_to_rx_ready_us value=1790
PR1T v=1 t_us=1430514569 field=trace_overwrites value=31207143
PR1T v=1 t_us=1430514569 field=capability_mask value=12
PR1T v=1 t_us=1490527196 field=device_state value=2
PR1T v=1 t_us=1490527196 field=rssi_dbm value=-46
PR1T v=1 t_us=1490527196 field=crc_good value=2994368
PR1T v=1 t_us=1490527196 field=crc_bad value=493780
PR1T v=1 t_us=1490527196 field=missing value=511632
PR1T v=1 t_us=1490527196 field=queue_depth value=0
PR1T v=1 t_us=1490527196 field=max_queue_depth value=1
PR1T v=1 t_us=1490527196 field=irq_to_spi_us value=6
PR1T v=1 t_us=1490527196 field=spi_duration_us value=1245
PR1T v=1 t_us=1490527196 field=rx_processing_us value=1247
PR1T v=1 t_us=1490527196 field=spi_end_to_rearm_start_us value=136
PR1T v=1 t_us=1490527196 field=rx_rearm_us value=416
PR1T v=1 t_us=1490527196 field=irq_to_rx_ready_us value=1791
PR1T v=1 t_us=1490527196 field=trace_overwrites value=31394964
PR1T v=1 t_us=1490527196 field=capability_mask value=12
PR1T v=1 t_us=1550520568 field=device_state value=2
PR1T v=1 t_us=1550520568 field=rssi_dbm value=-45
PR1T v=1 t_us=1550520568 field=crc_good value=3015224
PR1T v=1 t_us=1550520568 field=crc_bad value=493782
PR1T v=1 t_us=1550520568 field=missing value=511643
PR1T v=1 t_us=1550520568 field=queue_depth value=0
PR1T v=1 t_us=1550520568 field=max_queue_depth value=1
PR1T v=1 t_us=1550520568 field=irq_to_spi_us value=12
PR1T v=1 t_us=1550520568 field=spi_duration_us value=1244
PR1T v=1 t_us=1550520568 field=rx_processing_us value=1246
PR1T v=1 t_us=1550520568 field=spi_end_to_rearm_start_us value=137
PR1T v=1 t_us=1550520568 field=rx_rearm_us value=417
PR1T v=1 t_us=1550520568 field=irq_to_rx_ready_us value=1786
PR1T v=1 t_us=1550520568 field=trace_overwrites value=31582686
PR1T v=1 t_us=1550520568 field=capability_mask value=12
PR1T v=1 t_us=1610516358 field=device_state value=2
PR1T v=1 t_us=1610516358 field=rssi_dbm value=-46
PR1T v=1 t_us=1610516358 field=crc_good value=3036074
PR1T v=1 t_us=1610516358 field=crc_bad value=493785
PR1T v=1 t_us=1610516358 field=missing value=511661
PR1T v=1 t_us=1610516358 field=queue_depth value=0
PR1T v=1 t_us=1610516358 field=max_queue_depth value=1
PR1T v=1 t_us=1610516358 field=irq_to_spi_us value=6
PR1T v=1 t_us=1610516358 field=spi_duration_us value=1243
PR1T v=1 t_us=1610516358 field=rx_processing_us value=1244
PR1T v=1 t_us=1610516358 field=spi_end_to_rearm_start_us value=136
PR1T v=1 t_us=1610516358 field=rx_rearm_us value=413
PR1T v=1 t_us=1610516358 field=irq_to_rx_ready_us value=1787
PR1T v=1 t_us=1610516358 field=trace_overwrites value=31770363
PR1T v=1 t_us=1610516358 field=capability_mask value=12
PR1T v=1 t_us=1670518131 field=device_state value=2
PR1T v=1 t_us=1670518131 field=rssi_dbm value=-45
PR1T v=1 t_us=1670518131 field=crc_good value=3056937
PR1T v=1 t_us=1670518131 field=crc_bad value=493785
PR1T v=1 t_us=1670518131 field=missing value=511668
PR1T v=1 t_us=1670518131 field=queue_depth value=0
PR1T v=1 t_us=1670518131 field=max_queue_depth value=1
PR1T v=1 t_us=1670518131 field=irq_to_spi_us value=5
PR1T v=1 t_us=1670518131 field=spi_duration_us value=1249
PR1T v=1 t_us=1670518131 field=rx_processing_us value=1251
PR1T v=1 t_us=1670518131 field=spi_end_to_rearm_start_us value=136
PR1T v=1 t_us=1670518131 field=rx_rearm_us value=415
PR1T v=1 t_us=1670518131 field=irq_to_rx_ready_us value=1791
PR1T v=1 t_us=1670518131 field=trace_overwrites value=31958130
PR1T v=1 t_us=1670518131 field=capability_mask value=12
PR1T v=1 t_us=1730514203 field=device_state value=2
PR1T v=1 t_us=1730514203 field=rssi_dbm value=-46
PR1T v=1 t_us=1730514203 field=crc_good value=3077794
PR1T v=1 t_us=1730514203 field=crc_bad value=493785
PR1T v=1 t_us=1730514203 field=missing value=511679
PR1T v=1 t_us=1730514203 field=queue_depth value=0
PR1T v=1 t_us=1730514203 field=max_queue_depth value=1
PR1T v=1 t_us=1730514203 field=irq_to_spi_us value=6
PR1T v=1 t_us=1730514203 field=spi_duration_us value=1247
PR1T v=1 t_us=1730514203 field=rx_processing_us value=1249
PR1T v=1 t_us=1730514203 field=spi_end_to_rearm_start_us value=135
PR1T v=1 t_us=1730514203 field=rx_rearm_us value=417
PR1T v=1 t_us=1730514203 field=irq_to_rx_ready_us value=1790
PR1T v=1 t_us=1730514203 field=trace_overwrites value=32145843
PR1T v=1 t_us=1730514203 field=capability_mask value=12
PR1T v=1 t_us=1790524561 field=device_state value=2
PR1T v=1 t_us=1790524561 field=rssi_dbm value=-46
PR1T v=1 t_us=1790524561 field=crc_good value=3098659
PR1T v=1 t_us=1790524561 field=crc_bad value=493786
PR1T v=1 t_us=1790524561 field=missing value=511687
PR1T v=1 t_us=1790524561 field=queue_depth value=0
PR1T v=1 t_us=1790524561 field=max_queue_depth value=1
PR1T v=1 t_us=1790524561 field=irq_to_spi_us value=6
PR1T v=1 t_us=1790524561 field=spi_duration_us value=1244
PR1T v=1 t_us=1790524561 field=rx_processing_us value=1246
PR1T v=1 t_us=1790524561 field=spi_end_to_rearm_start_us value=135
PR1T v=1 t_us=1790524561 field=rx_rearm_us value=417
PR1T v=1 t_us=1790524561 field=irq_to_rx_ready_us value=1789
PR1T v=1 t_us=1790524561 field=trace_overwrites value=32333637
PR1T v=1 t_us=1790524561 field=capability_mask value=12
PR1T v=1 t_us=1850521506 field=device_state value=2
PR1T v=1 t_us=1850521506 field=rssi_dbm value=-45
PR1T v=1 t_us=1850521506 field=crc_good value=3119515
PR1T v=1 t_us=1850521506 field=crc_bad value=493791
PR1T v=1 t_us=1850521506 field=missing value=511699
PR1T v=1 t_us=1850521506 field=queue_depth value=0
PR1T v=1 t_us=1850521506 field=max_queue_depth value=1
PR1T v=1 t_us=1850521506 field=irq_to_spi_us value=14
PR1T v=1 t_us=1850521506 field=spi_duration_us value=1245
PR1T v=1 t_us=1850521506 field=rx_processing_us value=1247
PR1T v=1 t_us=1850521506 field=spi_end_to_rearm_start_us value=135
PR1T v=1 t_us=1850521506 field=rx_rearm_us value=417
PR1T v=1 t_us=1850521506 field=irq_to_rx_ready_us value=1789
PR1T v=1 t_us=1850521506 field=trace_overwrites value=32521386
PR1T v=1 t_us=1850521506 field=capability_mask value=12
PR1T v=1 t_us=1910522332 field=device_state value=2
PR1T v=1 t_us=1910522332 field=rssi_dbm value=-46
PR1T v=1 t_us=1910522332 field=crc_good value=3140375
PR1T v=1 t_us=1910522332 field=crc_bad value=493792
PR1T v=1 t_us=1910522332 field=missing value=511709
PR1T v=1 t_us=1910522332 field=queue_depth value=0
PR1T v=1 t_us=1910522332 field=max_queue_depth value=1
PR1T v=1 t_us=1910522332 field=irq_to_spi_us value=8
PR1T v=1 t_us=1910522332 field=spi_duration_us value=1242
PR1T v=1 t_us=1910522332 field=rx_processing_us value=1244
PR1T v=1 t_us=1910522332 field=spi_end_to_rearm_start_us value=137
PR1T v=1 t_us=1910522332 field=rx_rearm_us value=412
PR1T v=1 t_us=1910522332 field=irq_to_rx_ready_us value=1788
PR1T v=1 t_us=1910522332 field=trace_overwrites value=32709135
PR1T v=1 t_us=1910522332 field=capability_mask value=12
PR1T v=1 t_us=1970522002 field=device_state value=2
PR1T v=1 t_us=1970522002 field=rssi_dbm value=-45
PR1T v=1 t_us=1970522002 field=crc_good value=3161234
PR1T v=1 t_us=1970522002 field=crc_bad value=493797
PR1T v=1 t_us=1970522002 field=missing value=511719
PR1T v=1 t_us=1970522002 field=queue_depth value=0
PR1T v=1 t_us=1970522002 field=max_queue_depth value=1
PR1T v=1 t_us=1970522002 field=irq_to_spi_us value=6
PR1T v=1 t_us=1970522002 field=spi_duration_us value=1243
PR1T v=1 t_us=1970522002 field=rx_processing_us value=1245
PR1T v=1 t_us=1970522002 field=spi_end_to_rearm_start_us value=135
PR1T v=1 t_us=1970522002 field=rx_rearm_us value=413
PR1T v=1 t_us=1970522002 field=irq_to_rx_ready_us value=1787
PR1T v=1 t_us=1970522002 field=trace_overwrites value=32896911
PR1T v=1 t_us=1970522002 field=capability_mask value=12
PR1T v=1 t_us=2030517277 field=device_state value=2
PR1T v=1 t_us=2030517277 field=rssi_dbm value=-46
PR1T v=1 t_us=2030517277 field=crc_good value=3182070
PR1T v=1 t_us=2030517277 field=crc_bad value=493803
PR1T v=1 t_us=2030517277 field=missing value=511751
PR1T v=1 t_us=2030517277 field=queue_depth value=0
PR1T v=1 t_us=2030517277 field=max_queue_depth value=1
PR1T v=1 t_us=2030517277 field=irq_to_spi_us value=5
PR1T v=1 t_us=2030517277 field=spi_duration_us value=1247
PR1T v=1 t_us=2030517277 field=rx_processing_us value=1248
PR1T v=1 t_us=2030517277 field=spi_end_to_rearm_start_us value=136
PR1T v=1 t_us=2030517277 field=rx_rearm_us value=416
PR1T v=1 t_us=2030517277 field=irq_to_rx_ready_us value=1787
PR1T v=1 t_us=2030517277 field=trace_overwrites value=33084489
PR1T v=1 t_us=2030517277 field=capability_mask value=12
PR1T v=1 t_us=2090513419 field=device_state value=2
PR1T v=1 t_us=2090513419 field=rssi_dbm value=-46
PR1T v=1 t_us=2090513419 field=crc_good value=3202928
PR1T v=1 t_us=2090513419 field=crc_bad value=493808
PR1T v=1 t_us=2090513419 field=missing value=511761
PR1T v=1 t_us=2090513419 field=queue_depth value=0
PR1T v=1 t_us=2090513419 field=max_queue_depth value=1
PR1T v=1 t_us=2090513419 field=irq_to_spi_us value=6
PR1T v=1 t_us=2090513419 field=spi_duration_us value=1246
PR1T v=1 t_us=2090513419 field=rx_processing_us value=1248
PR1T v=1 t_us=2090513419 field=spi_end_to_rearm_start_us value=136
PR1T v=1 t_us=2090513419 field=rx_rearm_us value=416
PR1T v=1 t_us=2090513419 field=irq_to_rx_ready_us value=1788
PR1T v=1 t_us=2090513419 field=trace_overwrites value=33272256
PR1T v=1 t_us=2090513419 field=capability_mask value=12
PR1T v=1 t_us=2150509446 field=device_state value=2
PR1T v=1 t_us=2150509446 field=rssi_dbm value=-45
PR1T v=1 t_us=2150509446 field=crc_good value=3223765
PR1T v=1 t_us=2150509446 field=crc_bad value=493819
PR1T v=1 t_us=2150509446 field=missing value=511792
PR1T v=1 t_us=2150509446 field=queue_depth value=0
PR1T v=1 t_us=2150509446 field=max_queue_depth value=1
PR1T v=1 t_us=2150509446 field=irq_to_spi_us value=6
PR1T v=1 t_us=2150509446 field=spi_duration_us value=1246
PR1T v=1 t_us=2150509446 field=rx_processing_us value=1248
PR1T v=1 t_us=2150509446 field=spi_end_to_rearm_start_us value=135
PR1T v=1 t_us=2150509446 field=rx_rearm_us value=416
PR1T v=1 t_us=2150509446 field=irq_to_rx_ready_us value=1787
PR1T v=1 t_us=2150509446 field=trace_overwrites value=33459888
PR1T v=1 t_us=2150509446 field=capability_mask value=12
PR1T v=1 t_us=2210508333 field=device_state value=2
PR1T v=1 t_us=2210508333 field=rssi_dbm value=-44
PR1T v=1 t_us=2210508333 field=crc_good value=3244628
PR1T v=1 t_us=2210508333 field=crc_bad value=493820
PR1T v=1 t_us=2210508333 field=missing value=511798
PR1T v=1 t_us=2210508333 field=queue_depth value=0
PR1T v=1 t_us=2210508333 field=max_queue_depth value=1
PR1T v=1 t_us=2210508333 field=irq_to_spi_us value=5
PR1T v=1 t_us=2210508333 field=spi_duration_us value=1248
PR1T v=1 t_us=2210508333 field=rx_processing_us value=1250
PR1T v=1 t_us=2210508333 field=spi_end_to_rearm_start_us value=136
PR1T v=1 t_us=2210508333 field=rx_rearm_us value=417
PR1T v=1 t_us=2210508333 field=irq_to_rx_ready_us value=1788
PR1T v=1 t_us=2210508333 field=trace_overwrites value=33647664
PR1T v=1 t_us=2210508333 field=capability_mask value=12
